,BA_DENSE_1,BA_DENSE_2,BA_DENSE_3,BA_LSTM_1,BA_LSTM_2,BA_LSTM_3,OF_DENSE_1,OF_DENSE_2,OF_DENSE_3,OF_LSTM_1,OF_LSTM_2,OF_LSTM_3,HF_DENSE_1,HF_DENSE_2,HF_DENSE_3,HF_LSTM_1,HF_LSTM_2,HF_LSTM_3
0,,,,1.26548171043396,4.115825653076172,1.508772850036621,,,,2.6879374980926514,4.857382297515869,0.9896324872970581,,,,12.025972366333008,6.109738349914551,0.41173142194747925
1,1.3200303316116333,1.6159698963165283,1.1664717197418213,0.34036439657211304,0.34925246238708496,0.9906706213951111,0.6130828261375427,2.1438119411468506,2.2165305614471436,0.11257760226726532,0.1796177625656128,0.518393874168396,1.12825608253479,1.1668843030929565,,0.0004587313160300255,2.37040376663208,0.3302796483039856
2,1.556877851486206,1.869816780090332,2.4398980140686035,0.21418939530849457,0.6556583642959595,1.39478600025177,2.0436179637908936,1.4925177097320557,2.517406463623047,0.23140212893486023,0.13505661487579346,0.3048655092716217,1.2956721782684326,1.1668843030929565,,0.0068212030455470085,3.2168846130371094,0.025573186576366425
3,1.9176857471466064,2.5239312648773193,1.089019775390625,0.8926560878753662,0.5216550230979919,1.299783706665039,1.9731287956237793,1.7224626541137695,1.2131218910217285,0.9769983887672424,2.454023838043213,8.57443618774414,1.6455116271972656,1.1965935230255127,,7.515384674072266,0.019203461706638336,3.7662065029144287
4,1.1942986249923706,1.8545448780059814,2.2247326374053955,0.7840878963470459,0.827951192855835,3.5325546264648438,1.6831458806991577,1.3573462963104248,1.3479478359222412,0.8837024569511414,2.1273722648620605,8.502777099609375,1.7475709915161133,1.1965935230255127,,1.0174572467803955,0.20374464988708496,2.969137668609619
5,0.17549307644367218,0.34433111548423767,0.1410790979862213,1.3579254150390625,0.3649389147758484,0.829876184463501,0.20212826132774353,0.12756802141666412,0.1845562607049942,3.5965700149536133,1.3812360763549805,3.9681458473205566,0.11959676444530487,0.9507718086242676,1.015589714050293,5.4655656814575195,3.8307912349700928,0.1718464493751526
6,1.2653852701187134,1.248699426651001,1.4246768951416016,0.7130314111709595,0.5459902286529541,0.7029106616973877,1.5318793058395386,1.8760032653808594,2.2683627605438232,0.19745926558971405,0.09585537761449814,0.14394713938236237,1.2956721782684326,0.7439789175987244,0.8641090393066406,0.007686561439186335,3.3391571044921875,7.8450541496276855
7,1.2279832363128662,1.4081976413726807,1.1054794788360596,0.6824408769607544,1.3781622648239136,4.350250244140625,1.15049147605896,1.1979146003723145,1.199765682220459,1.4670977592468262,1.5755293369293213,8.37681770324707,1.85166335105896,1.1965935230255127,1.7095232009887695,4.608862400054932,0.005326366052031517,0.00928016472607851
8,1.5716404914855957,1.2366492748260498,1.3138654232025146,1.1179492473602295,1.231774091720581,0.09973390400409698,1.0497031211853027,1.4378690719604492,2.24874210357666,0.32264673709869385,0.14718005061149597,0.25833860039711,1.340421199798584,1.1668843030929565,0.775130033493042,0.0023112983908504248,5.345239162445068,3.344106674194336
9,5.642779350280762,2.16178297996521,2.8952929973602295,0.7467024922370911,0.7795277237892151,0.148857980966568,3.6269094944000244,2.4411585330963135,3.4963276386260986,3.0443291664123535,0.09084147959947586,0.15036213397979736,1.4157016277313232,1.882676124572754,1.2271095514297485,1.3626972436904907,3.5406246185302734,0.02283550426363945
10,1.2279832363128662,1.676344394683838,1.127664566040039,0.39965197443962097,2.696640968322754,5.940077304840088,1.5247352123260498,1.2932298183441162,1.307863473892212,2.0934677124023438,1.2095377445220947,9.111228942871094,1.310292363166809,1.1965935230255127,2.5904743671417236,4.693821430206299,0.005325298756361008,4.826685905456543
11,1.6023623943328857,2.2767271995544434,1.7289117574691772,0.7252813577651978,1.40105402469635,6.488673686981201,1.6617990732192993,1.3867406845092773,1.3480479717254639,1.7570934295654297,1.4930225610733032,9.189159393310547,2.1864023208618164,1.2194862365722656,1.1434768438339233,1.931995153427124,0.17056408524513245,7.8882856369018555
12,1.2922066450119019,1.282056450843811,1.5142741203308105,0.8016672134399414,1.1497688293457031,0.05121518671512604,1.7137200832366943,1.7166287899017334,2.4914629459381104,0.8296178579330444,0.43001312017440796,0.15704558789730072,1.1450212001800537,1.264634132385254,0.6055413484573364,0.05393781512975693,3.2923264503479004,1.1951844692230225
13,3.376528024673462,1.9227626323699951,3.450321674346924,2.5915873050689697,1.3874070644378662,5.122878551483154,1.7337995767593384,2.8638627529144287,1.8628144264221191,1.0969607830047607,0.9345072507858276,9.320343971252441,1.4158961772918701,1.202309489250183,1.4359025955200195,6.347079753875732,0.09557881951332092,5.169880390167236
14,1.9689861536026,2.0670437812805176,1.923797607421875,2.5295212268829346,0.42159485816955566,3.147688627243042,1.3733481168746948,1.6807447671890259,1.4615421295166016,0.9373266100883484,1.0355334281921387,9.388311386108398,1.9520659446716309,1.1655151844024658,1.2502344846725464,7.378549098968506,0.05937070772051811,3.7920496463775635
15,1.2748268842697144,1.7464395761489868,1.312188744544983,0.8407848477363586,2.118098258972168,0.6670522093772888,1.1488401889801025,1.4188920259475708,2.0671894550323486,1.117387056350708,0.5443674921989441,0.28475743532180786,1.2956721782684326,1.1668843030929565,1.1376804113388062,0.0026594768278300762,1.453813076019287,9.386839866638184
16,0.8750176429748535,0.2936434745788574,0.8885519504547119,1.7215027809143066,0.9562612175941467,0.6029092073440552,1.0037169456481934,1.0068914890289307,0.6321390271186829,2.6880650520324707,3.810502052307129,0.8140429854393005,0.6527751684188843,1.1198320388793945,1.021309733390808,1.7470886707305908,3.995429039001465,2.7438182830810547
17,1.3670082092285156,2.154745578765869,1.2083040475845337,3.965867519378662,1.036152720451355,3.216386556625366,1.9409677982330322,1.2361887693405151,1.2514448165893555,0.1299058049917221,0.08668144792318344,8.427936553955078,1.310292363166809,1.1965935230255127,2.9814393520355225,5.3320488929748535,0.045414093881845474,0.047177448868751526
18,1.2279832363128662,1.9755018949508667,1.1086523532867432,2.458064079284668,0.35947543382644653,3.428036689758301,1.582208514213562,1.2373141050338745,1.2818067073822021,0.8436959385871887,0.06585701555013657,8.092752456665039,1.310292363166809,1.238395094871521,1.8602697849273682,0.704012393951416,0.23123082518577576,4.615660667419434
19,1.4448814392089844,2.443387031555176,1.6258108615875244,3.294212579727173,1.7091842889785767,3.7803032398223877,1.4647784233093262,1.2037899494171143,1.3006296157836914,1.2130340337753296,0.030773045495152473,9.138100624084473,1.310292363166809,1.1965935230255127,2.57529878616333,2.400794267654419,0.019986430183053017,1.1785659790039062
20,1.2279832363128662,1.2651913166046143,1.1111069917678833,1.8054090738296509,0.4412906765937805,6.248179912567139,1.215058445930481,1.3955602645874023,1.1650495529174805,0.8464705944061279,0.013266153633594513,8.663114547729492,2.865037202835083,1.1965935230255127,2.9268009662628174,2.384747266769409,0.7942665815353394,4.294257640838623
21,0.8494783043861389,0.2614675462245941,0.8554001450538635,4.003734588623047,1.0550289154052734,3.621004819869995,1.0037169456481934,0.6598800420761108,0.677059531211853,3.8218908309936523,8.41530990600586,0.49318382143974304,0.7840679883956909,0.9507718086242676,1.031534194946289,5.80637264251709,3.0228357315063477,2.8741486072540283
22,1.1982603073120117,1.3412599563598633,1.131927728652954,0.8368287682533264,1.9569010734558105,5.473724365234375,2.2848339080810547,2.108340263366699,1.2281920909881592,0.6933232545852661,2.295769691467285,7.902928352355957,2.6193041801452637,1.5400452613830566,1.1434768438339233,6.025298118591309,0.5548114776611328,0.0948975458741188
23,1.2748268842697144,1.3508751392364502,1.5003876686096191,0.6821810007095337,1.7176690101623535,0.04450428485870361,1.1488401889801025,1.4922795295715332,1.649092674255371,0.5385423898696899,0.09233041107654572,0.8502089381217957,1.2956721782684326,0.8708027601242065,0.22338461875915527,0.06526350975036621,3.3207170963287354,0.007132780738174915
24,0.8494783043861389,0.6861780881881714,0.4339847266674042,3.9770212173461914,1.3429644107818604,2.3493993282318115,0.5400123000144958,0.987625002861023,1.0028724670410156,4.299276351928711,2.968388795852661,0.5535346865653992,1.0093293190002441,0.9507718086242676,1.0184292793273926,0.6244012117385864,2.883226156234741,3.4903223514556885
25,1.1653752326965332,1.5550146102905273,1.1391322612762451,0.6854043006896973,1.059192180633545,3.4279370307922363,1.8562257289886475,1.1905338764190674,1.2265992164611816,1.093571424484253,2.4909493923187256,7.732297420501709,1.5504566431045532,1.1965935230255127,2.112403154373169,8.590093612670898,0.7733386754989624,2.0122623443603516
26,1.4808802604675293,1.2521790266036987,1.1335805654525757,1.203139305114746,0.7425867319107056,3.0701653957366943,1.8669664859771729,1.8290454149246216,1.2250704765319824,1.3669583797454834,1.3757896423339844,7.839085578918457,2.091299295425415,1.1965935230255127,1.1434768438339233,8.544666290283203,0.9707037806510925,0.7891199588775635
27,1.2828905582427979,1.640843152999878,1.8002452850341797,0.686265230178833,0.30662253499031067,0.36949387192726135,2.320596694946289,2.153468608856201,2.5923871994018555,0.5350600481033325,0.07286758720874786,0.8935251832008362,1.1435253620147705,1.1668843030929565,1.14224374294281,0.02039777673780918,0.5385162234306335,0.24663111567497253
28,1.2748268842697144,1.3851759433746338,1.2913289070129395,0.9030240774154663,0.5081126093864441,0.6427246928215027,1.1488401889801025,1.9122333526611328,1.782716989517212,0.5241057872772217,0.571235179901123,0.8918359279632568,1.1032741069793701,1.1668843030929565,0.5833917856216431,0.00016950124700088054,0.33838310837745667,0.5194741487503052
29,1.2748268842697144,1.3085048198699951,1.2921788692474365,0.7789128422737122,0.088010773062706,0.6945683360099792,0.9300639629364014,1.51352858543396,1.3091391324996948,0.5629807710647583,0.1912684440612793,0.862954318523407,1.1333487033843994,1.1668843030929565,1.14224374294281,0.00016973962192423642,0.9266851544380188,0.8298439383506775
30,0.8838123083114624,0.21444763243198395,0.5932161211967468,3.923964262008667,9.486495018005371,1.0673103332519531,0.6375018954277039,1.004947543144226,0.5425611734390259,5.321762561798096,7.846125602722168,0.7957025766372681,0.47566574811935425,0.9507718086242676,1.015589714050293,2.307276487350464,3.617544651031494,4.778581142425537
31,0.8639565110206604,1.2632861137390137,0.6770894527435303,3.642328977584839,6.612379550933838,0.9597844481468201,1.0037169456481934,1.0537242889404297,0.6990129351615906,0.5802721381187439,6.552031517028809,0.7704057693481445,0.5844324827194214,0.9507718086242676,1.0152630805969238,11.842630386352539,3.7091002464294434,1.8726001977920532
32,1.2748268842697144,1.4306726455688477,1.2569663524627686,0.6211113929748535,0.11690166592597961,1.0060694217681885,1.5755150318145752,2.1911017894744873,2.2423222064971924,0.1041983813047409,0.7404053807258606,0.14841504395008087,1.2956721782684326,1.1668843030929565,1.14224374294281,0.0016952680889517069,1.3707269430160522,0.6639492511749268
33,0.8494783043861389,0.9330037832260132,0.8825666904449463,4.518001556396484,8.755838394165039,0.962199866771698,0.9996387958526611,1.1109498739242554,0.7017815709114075,1.7430930137634277,5.026102542877197,1.329115390777588,0.6208810210227966,0.9507718086242676,0.9943679571151733,11.775747299194336,3.5049827098846436,1.6147676706314087
34,1.2748268842697144,1.3617568016052246,1.2120425701141357,0.7704986929893494,0.5351778268814087,1.562477469444275,1.1488401889801025,1.4824076890945435,1.8474431037902832,0.2923996150493622,0.23086588084697723,0.15362735092639923,1.1438865661621094,1.1668843030929565,1.14224374294281,0.7535969018936157,1.026560664176941,0.8747115135192871
35,1.2279832363128662,1.5704894065856934,2.499049186706543,0.8036547899246216,0.5444490909576416,1.7898815870285034,1.4454911947250366,1.7717411518096924,1.2781580686569214,1.0670979022979736,1.8516509532928467,8.515059471130371,3.0262577533721924,1.1965935230255127,1.1434768438339233,4.082299709320068,0.2639229893684387,0.913862943649292
36,0.8494783043861389,0.25521597266197205,0.8376526236534119,1.3372132778167725,4.706295967102051,0.9289474487304688,1.0037169456481934,0.7829428911209106,0.5702183246612549,2.5932579040527344,5.212890625,0.49337059259414673,0.557521641254425,0.9507718086242676,0.9861330986022949,2.029038429260254,3.2865562438964844,2.456683874130249
37,1.2748268842697144,1.0948423147201538,1.270005464553833,0.2915787994861603,0.09024029970169067,0.8226983547210693,1.211526870727539,1.151613473892212,1.1819897890090942,0.164829820394516,1.0304721593856812,0.934485912322998,1.1087898015975952,0.5590133666992188,1.14224374294281,0.0019320646533742547,2.8815500736236572,1.1527516841888428
38,0.8494783043861389,0.09637212008237839,0.9561611413955688,2.7514586448669434,12.227655410766602,0.8327665328979492,0.6885383129119873,0.4187155067920685,0.2584961950778961,5.495688438415527,3.966738700866699,0.7095264792442322,0.7840679883956909,0.9507718086242676,0.9856598377227783,1.240882396697998,7.634396076202393,1.8322635889053345
39,1.2650551795959473,2.3042309284210205,1.3479923009872437,0.7248885035514832,1.441493272781372,1.474066972732544,1.3906946182250977,1.3270827531814575,1.5152510404586792,0.387832909822464,2.1216015815734863,8.94814395904541,1.310292363166809,1.4371236562728882,1.1434768438339233,3.4521007537841797,0.04117231443524361,0.6400249004364014
40,1.2748268842697144,1.0143651962280273,1.2832753658294678,0.8979227542877197,0.12770043313503265,1.5385043621063232,1.8285446166992188,1.1647603511810303,1.2515575885772705,0.18580280244350433,0.23928220570087433,0.10157277435064316,1.1396315097808838,0.6984738111495972,0.8860608339309692,4.482626914978027,3.619431972503662,0.9788874387741089
41,1.2859361171722412,1.82670259475708,2.012237071990967,0.5595189332962036,0.08094938844442368,0.995474636554718,1.0402812957763672,1.5479285717010498,3.054651975631714,0.0061827111057937145,2.1379811763763428,0.19157272577285767,1.2956721782684326,0.36876606941223145,1.14224374294281,3.8418633937835693,2.901512861251831,0.5725359916687012
42,1.7513023614883423,2.8964734077453613,1.3887040615081787,1.2290542125701904,1.0120965242385864,1.2582379579544067,1.2583497762680054,1.3330113887786865,1.607952356338501,1.6014044284820557,0.011825223453342915,8.620549201965332,1.310292363166809,1.1679744720458984,1.1434768438339233,0.741216778755188,0.005030237603932619,1.6527719497680664
43,1.218855619430542,2.259929656982422,1.0855978727340698,1.2060788869857788,0.9762518405914307,1.3179023265838623,1.8278950452804565,1.1864311695098877,1.1893504858016968,1.4430097341537476,0.030788766220211983,8.826783180236816,2.039306879043579,1.1965935230255127,1.517892599105835,0.11050999909639359,0.007703951094299555,1.0673421621322632
44,1.242767333984375,1.6203941106796265,1.3768713474273682,0.6651003956794739,0.4164188802242279,0.866267740726471,2.143758773803711,1.4836019277572632,1.7919590473175049,0.005787520203739405,3.6853904724121094,0.9388648271560669,1.3058323860168457,1.1236356496810913,1.14224374294281,0.018578210845589638,1.9596234560012817,2.5889475345611572
45,0.8494783043861389,0.8699197173118591,0.8209178447723389,1.1926218271255493,9.7490234375,0.8848521709442139,1.0037169456481934,0.9797684550285339,0.8281676769256592,4.943995475769043,3.504894733428955,0.4776192307472229,0.36632078886032104,0.9507718086242676,1.0148487091064453,12.188521385192871,7.3128437995910645,3.914886951446533
46,0.8494783043861389,0.30137959122657776,0.9902931451797485,4.015495300292969,4.248487949371338,0.8307473063468933,0.8735069632530212,0.9719598889350891,0.5907629728317261,9.548937797546387,6.023219585418701,0.48095864057540894,0.6748008728027344,1.0403950214385986,0.40111851692199707,10.683111190795898,2.787114143371582,4.059733867645264
47,0.1394888460636139,0.2771771550178528,0.7171262502670288,3.4972281455993652,4.1443867683410645,0.8533152341842651,0.3790680766105652,0.3628924787044525,0.2760259509086609,5.8057026863098145,0.09636107832193375,0.5959104299545288,0.5543951392173767,0.9507718086242676,0.655935525894165,2.1854310035705566,6.566161155700684,6.323073387145996
48,0.7668395638465881,0.4136318266391754,0.9478446245193481,1.4275014400482178,6.499007701873779,0.7256467938423157,0.9421008229255676,0.7075182795524597,0.542900800704956,5.280858039855957,6.242153644561768,0.6246980428695679,0.7840679883956909,0.9507718086242676,0.20529483258724213,5.937463760375977,6.13976526260376,5.024533748626709
49,0.8555331826210022,0.2101442962884903,0.37799757719039917,3.8550562858581543,4.024306297302246,0.7677149176597595,0.5134327411651611,0.6575522422790527,0.4549880623817444,8.24439525604248,7.4951395988464355,0.7399271130561829,0.6094213128089905,0.8535178303718567,0.8572018146514893,7.638001441955566,4.479588031768799,5.852048397064209
50,1.1864371299743652,1.2893965244293213,1.1069567203521729,2.5851547718048096,0.8837575316429138,1.4593650102615356,1.15049147605896,1.2772760391235352,1.1789188385009766,0.8512317538261414,0.8296430110931396,8.197165489196777,1.6016175746917725,1.1965935230255127,1.6210068464279175,1.887514352798462,6.951594352722168,0.5294520258903503
51,1.2485376596450806,1.6770412921905518,1.3386974334716797,0.7751668095588684,0.4366072118282318,1.550907015800476,1.2856565713882446,2.035600185394287,2.888918876647949,0.6104811429977417,0.0030337998177856207,0.7553377747535706,1.3239505290985107,1.1668843030929565,1.091720700263977,0.18387289345264435,0.006817414425313473,4.799901008605957
52,1.2748268842697144,2.425502300262451,2.5901589393615723,0.5771691799163818,2.1851773262023926,1.5752100944519043,1.8868253231048584,1.859701156616211,1.914368987083435,0.6252594590187073,1.0325709581375122,0.8030041456222534,2.3043103218078613,1.2013540267944336,1.084650993347168,4.658274173736572,0.02850118838250637,4.468167304992676
53,1.2279832363128662,1.5416711568832397,1.1443774700164795,2.633845567703247,2.093127965927124,1.4955835342407227,1.226203441619873,1.2141799926757812,1.2284984588623047,0.4435938000679016,1.9912598133087158,1.934201717376709,1.517762541770935,1.2723222970962524,2.837212085723877,1.239163875579834,3.9749417304992676,0.0038587411399930716
54,0.8494783043861389,0.8887152075767517,0.9603452086448669,1.2939691543579102,1.662898063659668,0.7692149877548218,1.0037169456481934,0.8933226466178894,0.8622293472290039,2.3784737586975098,7.785556793212891,0.9786968231201172,0.7247557640075684,0.9507718086242676,1.0036437511444092,0.031205514445900917,2.8664803504943848,5.114781856536865
55,0.8494783043861389,0.35454875230789185,0.16177017986774445,3.301848888397217,6.885132789611816,0.9499493837356567,0.45627671480178833,0.5350780487060547,0.9414929151535034,4.566069602966309,7.439500331878662,2.068444013595581,0.33519816398620605,0.8705386519432068,1.015589714050293,4.870251178741455,0.07763581722974777,4.402092933654785
56,0.3580831289291382,0.30550166964530945,0.8809775114059448,3.999753952026367,4.4647932052612305,0.8662058711051941,0.4861101508140564,0.2280920147895813,0.22908802330493927,0.0044105397537350655,2.034583330154419,1.8811969757080078,0.3275682032108307,0.9507718086242676,1.0106239318847656,2.622279167175293,0.09692072123289108,5.970750331878662
57,1.1979947090148926,1.9012343883514404,1.1343408823013306,0.9340291619300842,0.7894734740257263,1.6592212915420532,2.3045425415039062,1.931828498840332,1.3307753801345825,3.963253974914551,2.6149818897247314,9.180031776428223,3.3561882972717285,1.3476206064224243,1.1434768438339233,0.23593559861183167,0.006816348992288113,1.1451678276062012
58,1.2279832363128662,1.5744483470916748,1.0480189323425293,0.6825259327888489,0.9823559522628784,2.225015163421631,1.2291176319122314,1.370350956916809,1.1678292751312256,0.7304546236991882,2.731365442276001,8.673161506652832,1.8058850765228271,1.1965935230255127,1.8581080436706543,3.0705418586730957,2.9366843700408936,1.3381314277648926
59,0.8655158877372742,0.3537413775920868,0.7832837700843811,3.8137691020965576,5.6650824546813965,0.7793810963630676,0.5774050951004028,0.8402290344238281,0.7189137935638428,4.296463489532471,7.387513637542725,2.8984265327453613,0.5494435429573059,0.9507718086242676,1.0073225498199463,0.6807063221931458,3.6092889308929443,3.581183433532715
60,0.8494783043861389,0.6280310153961182,0.9128252863883972,4.217088222503662,9.889816284179688,1.053863763809204,0.10958939045667648,0.9558266997337341,0.055424708873033524,2.690708637237549,5.473388195037842,0.984658420085907,0.7840679883956909,0.9507718086242676,1.015589714050293,3.3357656002044678,3.958681106567383,0.22483794391155243
61,0.8494783043861389,0.7836867570877075,0.9119126796722412,3.872016191482544,8.777904510498047,0.7729578018188477,1.0037169456481934,0.888841450214386,0.5518150925636292,4.236790180206299,4.130594253540039,3.680361032485962,0.6814163327217102,0.9507718086242676,0.9902915954589844,4.05161190032959,5.357857704162598,0.2842075228691101
62,0.1887788325548172,0.3109121322631836,0.7353032231330872,2.055177927017212,1.2150800228118896,0.7978298664093018,0.3095996677875519,1.005511999130249,0.6789182424545288,0.12958258390426636,1.892780065536499,0.05558665096759796,0.6418606042861938,0.9507718086242676,0.5015287399291992,0.353261262178421,5.316781044006348,0.6594071984291077
63,0.4626743197441101,0.2862723171710968,0.24307246506214142,4.106189727783203,4.852072715759277,0.7731385231018066,0.6593565344810486,0.2756913900375366,0.37883850932121277,6.994574069976807,5.445677280426025,1.235506534576416,0.20183594524860382,0.865921139717102,0.32557573914527893,6.991729736328125,7.344046592712402,0.44741880893707275
64,0.8494783043861389,0.38436609506607056,0.7717525362968445,1.2852284908294678,8.099600791931152,0.7060912847518921,0.6204042434692383,0.860748291015625,0.6775187849998474,11.31462574005127,5.864531993865967,0.4240596294403076,0.6583069562911987,0.9507718086242676,0.8367835283279419,3.9444782733917236,7.823924541473389,0.5962457656860352
65,0.7602713108062744,0.20789885520935059,0.86518394947052,2.608558416366577,8.825133323669434,0.6168400049209595,0.3657224178314209,0.7981908917427063,0.4602527618408203,6.53309965133667,5.267089366912842,1.0494391918182373,0.7840679883956909,0.9507718086242676,0.9906163811683655,5.396707534790039,6.923067569732666,0.6441943645477295
66,2.144712209701538,1.6577880382537842,1.13588547706604,1.8321993350982666,0.5462363362312317,2.1670658588409424,1.2277865409851074,1.2214117050170898,1.2876038551330566,2.060285806655884,2.3075671195983887,5.754828929901123,1.2860603332519531,1.2263209819793701,1.935164213180542,0.023198507726192474,0.032886117696762085,3.329554557800293
67,1.7739129066467285,2.2674245834350586,1.6774282455444336,0.9641007781028748,1.6884090900421143,1.3983004093170166,2.111220121383667,1.4595701694488525,2.4865784645080566,2.016535758972168,0.07746295630931854,0.41751083731651306,0.8202358484268188,0.839322566986084,0.9572458863258362,0.026933886110782623,0.6068259477615356,0.8871289491653442
68,0.8494783043861389,0.673837423324585,0.13377997279167175,1.8534643650054932,8.362013816833496,0.3448484539985657,0.4409071207046509,0.48287928104400635,0.9392055869102478,0.36052268743515015,6.202662944793701,2.4626059532165527,0.5189510583877563,1.0309035778045654,1.015589714050293,0.9803842902183533,2.993668556213379,1.5538458824157715
69,1.2748268842697144,1.9111318588256836,1.8181490898132324,0.1281137317419052,0.9807442426681519,1.1251122951507568,3.278284788131714,1.0915884971618652,3.766833782196045,1.326305627822876,0.1546163707971573,0.533917248249054,2.0091135501861572,1.342416763305664,1.14224374294281,0.37400349974632263,0.16119688749313354,0.039865002036094666
70,1.2748268842697144,1.6225526332855225,1.4069931507110596,0.12760013341903687,0.11851656436920166,1.7268840074539185,1.1488401889801025,1.1488845348358154,1.3873376846313477,0.5319957137107849,4.775476932525635,0.5720310211181641,1.22175133228302,1.1668843030929565,1.14224374294281,1.6186875104904175,3.3283538818359375,0.2176596075296402
71,0.6839008927345276,0.2291879504919052,0.8016052842140198,1.9999895095825195,6.134687423706055,0.3204945921897888,0.998324990272522,0.45507633686065674,0.6864610910415649,5.0482177734375,4.677394866943359,0.5883259773254395,0.4897971749305725,0.9507718086242676,0.9529916048049927,7.025108814239502,5.46883487701416,4.6012372970581055
72,1.2748268842697144,2.007091522216797,1.2058840990066528,0.2276986837387085,1.5177937746047974,2.148987054824829,1.1488401889801025,1.8577440977096558,1.8708693981170654,0.89626544713974,0.04631078615784645,0.8727626204490662,1.2837679386138916,1.1668843030929565,0.8331868052482605,0.036089517176151276,0.06100231781601906,0.8005708456039429
73,0.8592755198478699,0.32838213443756104,0.5552493333816528,3.7721405029296875,7.56251859664917,0.1679305136203766,1.268762230873108,0.9250168800354004,0.5368168354034424,3.929281234741211,3.9414284229278564,0.594669759273529,0.2915229797363281,1.2965624332427979,1.2933831214904785,2.4818828105926514,6.316832542419434,6.127910614013672
74,1.2748268842697144,1.2637097835540771,1.3644354343414307,0.4425564110279083,0.4567983150482178,2.5769553184509277,1.1142079830169678,1.1651378870010376,1.1357090473175049,0.8736424446105957,0.03793169930577278,0.7794265151023865,1.1437561511993408,1.1668843030929565,1.14224374294281,1.6952540874481201,0.024738643318414688,0.3975272476673126
75,0.8494783043861389,0.41895365715026855,0.9554352760314941,4.149686813354492,8.299908638000488,0.3748725354671478,1.0037169456481934,0.9862467050552368,0.7352854609489441,8.572237014770508,6.827769756317139,0.6149631142616272,0.7549856901168823,0.9507718086242676,0.9866920113563538,4.3122758865356445,4.666479587554932,3.7521727085113525
76,0.8494783043861389,0.8069515228271484,1.0437147617340088,0.7733044624328613,3.0166854858398438,0.6726099252700806,1.0469937324523926,1.021359920501709,0.9844480752944946,3.46240496635437,3.658963203430176,0.5877346992492676,0.5940324664115906,0.9507718086242676,0.20103852450847626,2.14009952545166,3.8786888122558594,0.1219320148229599
77,1.2179988622665405,1.4707331657409668,1.8576552867889404,0.6834245324134827,0.3875865638256073,2.803039789199829,1.2545604705810547,1.452109456062317,1.1686562299728394,0.3950026333332062,2.0297746658325195,7.721001148223877,1.7424495220184326,1.2370035648345947,1.1434768438339233,0.2217511683702469,3.36087965965271,7.7270636558532715
78,0.8494783043861389,0.9278514385223389,0.924920380115509,3.960810422897339,2.659634590148926,2.4545841217041016,0.521538257598877,0.9703029990196228,0.7204332947731018,1.490779161453247,3.2124295234680176,0.6275538206100464,0.6139435768127441,0.9507718086242676,1.0003595352172852,1.7566627264022827,3.8578147888183594,1.524901270866394
79,1.5721362829208374,2.0669100284576416,1.09022855758667,0.6802668571472168,0.6305227279663086,6.369142532348633,2.5942769050598145,1.870121717453003,1.260135293006897,1.1559770107269287,1.9869943857192993,7.526300430297852,1.8539795875549316,1.238043189048767,1.1434768438339233,5.820693492889404,1.563258409500122,6.157379627227783
80,0.8494783043861389,0.6885003447532654,0.7625129222869873,1.7900316715240479,7.712807655334473,1.3941130638122559,0.9768960475921631,0.9473271369934082,0.9521269202232361,5.015615940093994,7.303060531616211,0.6849387884140015,0.62749183177948,0.9507718086242676,1.000054121017456,4.63370418548584,6.387262344360352,2.058098793029785
81,0.8075172305107117,0.19989967346191406,0.4785609245300293,0.1106155514717102,5.539432048797607,0.6996849179267883,0.6121322512626648,0.9070655703544617,0.726822555065155,3.935845375061035,6.642629146575928,0.7056722640991211,0.6862443089485168,1.0122826099395752,1.015589714050293,0.015091527253389359,2.472493886947632,1.1324132680892944
82,0.1777154803276062,0.20838038623332977,0.14896069467067719,3.1603481769561768,3.719536304473877,0.7710514664649963,0.23684237897396088,0.4378996789455414,0.1705920249223709,0.06431011110544205,7.166177749633789,0.6256732940673828,0.4381508231163025,0.35999879240989685,0.9290326833724976,1.7249003648757935,0.11694005876779556,2.2721827030181885
83,1.2583041191101074,1.7671606540679932,1.3851838111877441,0.7289450764656067,0.9842640161514282,0.9577142000198364,1.4067273139953613,1.3074495792388916,1.731551170349121,4.892668724060059,2.6624817848205566,0.7986540794372559,1.2585030794143677,1.5701640844345093,1.014770269393921,0.2678511142730713,1.900080680847168,0.13603575527668
84,0.6085964441299438,0.22586745023727417,0.9487869739532471,0.4597158133983612,0.9830335974693298,0.7679823040962219,0.7522608041763306,0.5424653887748718,0.3145698606967926,2.4441473484039307,4.786547660827637,0.5497230291366577,0.7840679883956909,0.9507718086242676,0.8664190173149109,9.212285041809082,0.057907335460186005,2.170849084854126
85,3.078733205795288,2.0272278785705566,1.1535967588424683,0.5495672821998596,1.5327847003936768,2.0012927055358887,3.175234794616699,1.5122952461242676,1.7486002445220947,3.4495856761932373,0.0024830244947224855,6.956081390380859,2.454230546951294,1.1965935230255127,1.5624547004699707,0.34243902564048767,7.555515289306641,7.311890125274658
86,0.3363294005393982,0.1795453429222107,0.4167625606060028,3.5760746002197266,0.1160852238535881,0.5005640983581543,0.18984395265579224,0.33773666620254517,0.22878006100654602,0.992624044418335,6.693634986877441,0.7733763456344604,0.4325909912586212,0.9507718086242676,1.015589714050293,12.004225730895996,0.4529692828655243,3.4043941497802734
87,1.2279832363128662,1.7618919610977173,1.0972075462341309,1.019545555114746,2.932220220565796,2.1730527877807617,1.4102721214294434,1.367873191833496,1.187859296798706,1.9470560550689697,0.13880904018878937,0.19810183346271515,1.8193843364715576,1.1965935230255127,2.285243511199951,0.044900085777044296,7.931461334228516,8.338916778564453
88,0.8494783043861389,0.6014092564582825,0.9678671360015869,1.8494946956634521,0.22903957962989807,0.39673757553100586,0.4481162428855896,0.8095555305480957,0.7710589170455933,5.783946990966797,0.0016411182004958391,2.6607885360717773,0.764755129814148,0.9507718086242676,0.48310548067092896,2.105095624923706,1.052237868309021,3.570950508117676
89,1.8238006830215454,2.022768497467041,1.118224859237671,1.5220012664794922,3.156930446624756,2.3540005683898926,1.2406065464019775,1.2060630321502686,1.2792465686798096,0.6536679267883301,9.970109939575195,0.10873957723379135,2.380945920944214,1.1965935230255127,1.7282544374465942,1.885548710823059,7.385352611541748,7.664552211761475
90,0.6347634792327881,0.16090920567512512,0.934637188911438,2.1804659366607666,7.9133477210998535,0.3186182677745819,0.7655875086784363,0.6809676885604858,0.6900094151496887,3.677927017211914,0.0011408970458433032,4.855851650238037,0.6480439305305481,0.9507718086242676,0.6810774207115173,5.993506908416748,0.0834716260433197,0.7296025156974792
91,0.6090415716171265,0.3594330847263336,0.7764722108840942,3.8394079208374023,6.064218044281006,0.30700811743736267,0.8528191447257996,0.8393703699111938,0.6560679078102112,7.227352619171143,0.10547556728124619,3.376373529434204,0.4869621992111206,0.9507718086242676,0.7414819002151489,1.1797823905944824,0.15903055667877197,3.671046733856201
92,1.7348664999008179,2.693723440170288,1.2275991439819336,0.6197555065155029,0.8323326706886292,2.2839431762695312,1.1513406038284302,1.6931486129760742,1.4890241622924805,1.2355902194976807,4.740275859832764,6.413937568664551,1.5664963722229004,1.1965935230255127,1.2356560230255127,0.016458695754408836,5.6364426612854,7.068768501281738
93,0.551726222038269,0.3507024943828583,0.721207320690155,4.154623985290527,0.4648815393447876,0.27489617466926575,0.501462996006012,0.4721401333808899,0.332640141248703,2.434863805770874,3.302821636199951,3.6803791522979736,0.43188634514808655,0.9507718086242676,1.010716438293457,3.1552445888519287,1.8534533977508545,4.647950649261475
94,1.2748268842697144,1.8425685167312622,1.6183605194091797,1.0950007438659668,6.573228359222412,2.397089958190918,2.6572470664978027,1.0735442638397217,1.5333311557769775,1.5899869203567505,3.299743413925171,0.007316106464713812,1.3301283121109009,1.1668843030929565,1.3015639781951904,0.039067525416612625,2.2164716720581055,0.030356811359524727
95,0.1229216679930687,0.17399533092975616,0.15292926132678986,1.2203595638275146,5.195985794067383,0.15361477434635162,0.2358919233083725,0.49006325006484985,0.22294259071350098,2.6263532638549805,0.2840474545955658,1.4800392389297485,0.6794055104255676,0.2887832522392273,0.5506567358970642,5.759617328643799,0.06196335703134537,3.8444337844848633
96,0.8253334760665894,0.40296000242233276,0.9359956383705139,3.142444133758545,8.407757759094238,0.12026692181825638,0.6522781848907471,0.7851966619491577,0.5311080813407898,0.0929974690079689,4.6765828132629395,1.446396827697754,0.5508177876472473,0.7563100457191467,0.5585989952087402,2.8607218265533447,0.03255892172455788,1.1519012451171875
97,1.2744176387786865,1.865147590637207,1.4856011867523193,2.0782699584960938,0.9196934103965759,3.021775245666504,1.5564069747924805,1.664880394935608,2.260483741760254,8.223067283630371,2.356759548187256,0.0012944899499416351,1.502742052078247,1.9801626205444336,0.9310412406921387,5.892271995544434,0.036970362067222595,0.42161285877227783
98,2.48846435546875,2.476987838745117,2.0678389072418213,0.7343776226043701,0.4812809228897095,2.698698043823242,2.0797133445739746,2.335871934890747,1.7058295011520386,0.8430968523025513,0.3032045364379883,3.5420143604278564,2.1502482891082764,1.4541866779327393,2.0514283180236816,2.910299301147461,6.094515323638916,3.1947388648986816
99,0.41609615087509155,0.19817125797271729,0.5517044067382812,1.4311776161193848,1.049118995666504,0.1773310899734497,0.046243634074926376,0.312837153673172,0.05289417877793312,2.0276129245758057,3.8254218101501465,1.268446445465088,0.07061705738306046,0.24052688479423523,0.15626260638237,5.152427673339844,4.655064105987549,1.5228424072265625
100,0.10427314043045044,0.2378290593624115,0.22371740639209747,0.21517609059810638,1.0464837551116943,0.5751458406448364,0.14142729341983795,0.34564658999443054,0.2711883783340454,2.4052634239196777,0.022898538038134575,2.0841987133026123,0.363680899143219,0.34590625762939453,0.9960468411445618,8.916929244995117,0.2539880871772766,0.9757647514343262
101,1.2813798189163208,2.0619750022888184,1.3895668983459473,3.714599132537842,1.4492244720458984,3.630124092102051,1.121477723121643,2.012761116027832,1.8305808305740356,2.228456974029541,7.972346305847168,0.31798213720321655,1.6537551879882812,1.1668843030929565,0.5964912176132202,1.8580580949783325,0.0011363723315298557,10.00361442565918
102,0.33598223328590393,0.13922378420829773,0.7904164791107178,0.7531822919845581,0.303618460893631,1.215914011001587,0.16670416295528412,0.47075968980789185,0.447998970746994,0.02372402511537075,0.06312158703804016,1.8531063795089722,0.6017622947692871,0.7633724808692932,1.015589714050293,7.6395368576049805,7.161066055297852,2.948997735977173
103,0.4067526161670685,0.2271629273891449,0.6765899658203125,0.4513860046863556,0.8144680261611938,1.3896560668945312,0.1909598410129547,0.6152923703193665,0.5505818128585815,0.43677470088005066,6.485726833343506,1.7890492677688599,0.6593549251556396,0.7004808187484741,0.6003550291061401,2.0354630947113037,4.91191291809082,3.8464176654815674
104,1.73603093624115,2.433651924133301,2.056502103805542,4.134231090545654,3.554269790649414,0.05022357776761055,1.7179274559020996,1.5024060010910034,2.257265567779541,3.3502023220062256,0.1704002171754837,0.5072742700576782,1.7492682933807373,1.5610939264297485,1.8929475545883179,3.9176576137542725,0.022256242111325264,9.748504638671875
105,0.4801162779331207,0.2697867453098297,0.2941247224807739,0.229938805103302,0.20139646530151367,1.5819907188415527,0.2017609179019928,0.3864865303039551,0.3624454736709595,0.6764127612113953,4.04757022857666,0.4144646227359772,0.5062375068664551,0.7091197967529297,0.6103514432907104,3.257047414779663,2.550304889678955,4.161844253540039
106,1.2738771438598633,2.4365360736846924,1.2075903415679932,2.6978132724761963,2.095660924911499,0.15489505231380463,1.3867722749710083,1.2265127897262573,1.2834930419921875,2.3863372802734375,0.3401828706264496,8.682119369506836,1.556625485420227,1.1955540180206299,1.1434768438339233,2.501565933227539,1.4798543453216553,0.017561066895723343
107,1.2212815284729004,2.021230459213257,2.591385841369629,5.404495716094971,6.351564407348633,7.188630104064941,2.4728925228118896,1.580894947052002,2.685103178024292,5.954012870788574,3.485804319381714,6.798068523406982,1.5049341917037964,2.0253400802612305,0.8637540936470032,1.0960438251495361,1.0389838218688965,10.624141693115234
108,2.1846835613250732,2.506713390350342,2.116260290145874,1.9322493076324463,1.6540828943252563,1.289139986038208,2.560576915740967,2.286278247833252,2.18715763092041,4.592849254608154,1.1560399532318115,8.315200805664062,2.1188321113586426,1.2235287427902222,2.1853935718536377,0.34831154346466064,0.3109176456928253,0.010438370518386364
109,0.7799026370048523,0.37320101261138916,0.38639330863952637,0.03900963068008423,0.26835203170776367,0.34425094723701477,0.5888471603393555,0.5819931626319885,0.3824581205844879,0.02904847450554371,6.186738967895508,0.00040439533768221736,0.5403317213058472,0.8148680925369263,0.9833219051361084,1.9651813507080078,4.932551860809326,4.670076370239258
110,1.2419922351837158,2.0302844047546387,1.5762641429901123,4.679594993591309,5.552550792694092,3.423090934753418,1.8022069931030273,1.56368088722229,1.9358466863632202,4.013863563537598,1.797834873199463,8.968827247619629,2.071690797805786,1.1668843030929565,1.011663794517517,1.0138750076293945,0.9429197907447815,10.8229341506958
111,3.67907452583313,2.9871864318847656,1.5181550979614258,4.4863739013671875,0.8116124868392944,1.1265840530395508,2.6767377853393555,1.27595853805542,2.595698356628418,7.412118434906006,0.11408750712871552,9.04308795928955,1.9992115497589111,1.1668843030929565,0.8428049087524414,1.201306700706482,0.7259992957115173,10.483627319335938
112,0.7663006782531738,0.37051671743392944,0.8148676156997681,0.03387016803026199,0.0837995707988739,0.8628350496292114,0.9028546810150146,0.43130287528038025,0.1980653554201126,1.129219889640808,4.845139503479004,0.0003053675754927099,0.6873978972434998,0.9507718086242676,1.0591351985931396,5.4987382888793945,5.971738338470459,3.1957476139068604
113,0.5097927451133728,0.15741871297359467,0.7815970182418823,0.6797413229942322,0.09788084030151367,0.9286625981330872,0.47065526247024536,0.5955377817153931,0.35146746039390564,0.15500704944133759,6.87446928024292,0.07906126230955124,0.6353736519813538,0.9507718086242676,1.015589714050293,1.9823334217071533,2.631833076477051,3.2986369132995605
114,0.3376922607421875,0.13719511032104492,0.6552888751029968,0.18886756896972656,0.07351075857877731,1.0890114307403564,0.41631409525871277,0.8910485506057739,0.4561713933944702,0.02417921833693981,6.703627586364746,4.494503974914551,0.4350506663322449,0.7828869819641113,0.47629010677337646,0.1957399696111679,2.0949513912200928,3.541752576828003
115,0.18380504846572876,0.20337985455989838,0.15386439859867096,0.10548640787601471,5.135139465332031,1.2414742708206177,0.3078469932079315,0.26395514607429504,0.1990775465965271,1.684685230255127,5.2789459228515625,7.303372383117676,0.17583368718624115,0.5403623580932617,0.20850464701652527,0.6625915169715881,5.328612327575684,2.8072071075439453
116,0.8494783043861389,0.3421746492385864,0.8895000219345093,0.08616077154874802,3.7361326217651367,1.1048213243484497,0.7614387273788452,0.4033961296081543,0.12980005145072937,1.329822301864624,4.557666778564453,8.012466430664062,0.6321769952774048,0.9507718086242676,0.9721890687942505,0.0032876271288841963,0.2650989890098572,3.8418636322021484
117,0.8312005996704102,0.1013338714838028,0.4320358633995056,0.2841823995113373,7.107087135314941,1.2107067108154297,0.6324188709259033,0.3252626061439514,0.357108473777771,6.818509101867676,5.116267204284668,6.2911376953125,0.28662043809890747,0.5346953868865967,1.015589714050293,5.453454494476318,6.457162380218506,2.293245792388916
118,1.2748268842697144,2.1901209354400635,1.2347772121429443,0.729697585105896,0.5540966391563416,0.7676140069961548,1.064826488494873,1.4064605236053467,2.0504584312438965,0.42238759994506836,0.46410471200942993,2.2600009441375732,2.3235228061676025,1.1668843030929565,0.9340053796768188,2.827249050140381,0.007451478857547045,9.849114418029785
119,0.45279109477996826,0.21126903593540192,0.21782615780830383,1.0115747451782227,3.5132553577423096,1.2632865905761719,0.7777968645095825,0.3595079779624939,0.3535434901714325,2.3910224437713623,7.117134094238281,8.292563438415527,0.45169490575790405,0.6119053959846497,0.31754159927368164,0.25803765654563904,1.535022258758545,4.509120941162109
120,2.5150387287139893,1.4792041778564453,1.3144869804382324,0.8844586610794067,1.1416759490966797,0.7046224474906921,1.8181307315826416,1.3674736022949219,1.805647373199463,1.2471803426742554,0.24658574163913727,0.03599568456411362,1.5871074199676514,1.1668843030929565,1.2912659645080566,0.01517970860004425,5.866733074188232,2.9640378952026367
121,0.8494783043861389,0.2186572402715683,0.672167956829071,2.661635637283325,1.1645119190216064,1.0115150213241577,0.5971740484237671,0.7146359086036682,0.645663321018219,5.109598636627197,0.5745559930801392,0.7306379675865173,0.359048455953598,0.9507718086242676,0.5862196683883667,0.457308292388916,3.213937520980835,5.757376194000244
122,0.8494783043861389,0.4848194122314453,0.9713292717933655,1.5909030437469482,1.1984755992889404,0.9518554210662842,0.4403960704803467,0.8167912364006042,0.8137905597686768,3.3261289596557617,5.730844497680664,5.709645748138428,0.5079216957092285,0.9507718086242676,0.9863047003746033,0.06500550359487534,0.3417063355445862,0.6050161123275757
123,0.8494783043861389,0.23439337313175201,0.9057364463806152,2.5327346324920654,6.481681823730469,0.7765193581581116,0.22585412859916687,0.7748124599456787,0.5514316558837891,4.654909610748291,7.808853626251221,0.6744430065155029,0.44645729660987854,0.9507718086242676,0.8221840858459473,3.8828115463256836,7.063765525817871,0.7924638390541077
124,0.8494783043861389,0.2836497724056244,0.9117625951766968,1.318505048751831,1.7608513832092285,0.7439060807228088,0.30062147974967957,0.7453033328056335,0.6873375773429871,0.3382410705089569,3.8488593101501465,3.263641119003296,0.22765302658081055,0.9507718086242676,0.29218795895576477,0.21415668725967407,4.26884126663208,0.5964993834495544
125,0.15706565976142883,0.1384417712688446,0.16849644482135773,3.1219875812530518,7.319167137145996,0.7626470327377319,0.1822386384010315,0.27635884284973145,0.12113286554813385,0.022525401785969734,8.711404800415039,5.102960109710693,0.04323580488562584,0.1668214052915573,0.4450966715812683,4.8893280029296875,1.872166633605957,3.19560170173645
126,1.2748268842697144,1.3273030519485474,1.2606180906295776,0.6992015838623047,0.19292005896568298,2.1272482872009277,1.1033477783203125,1.5065066814422607,1.9041485786437988,9.415668487548828,0.041188787668943405,0.007747008930891752,1.3072158098220825,1.1668843030929565,2.6457653045654297,5.399525165557861,1.7417385578155518,1.2029249668121338
127,0.5979077219963074,0.1715134084224701,0.8148180842399597,0.7442801594734192,0.24975785613059998,0.4822903871536255,0.28576749563217163,0.7687051296234131,0.621655285358429,0.12269160896539688,3.035600423812866,6.318472385406494,0.2414277344942093,0.9507718086242676,0.27381032705307007,3.3211190700531006,0.12301231920719147,0.6967697143554688
128,0.41915833950042725,0.19415318965911865,0.31122201681137085,0.7550493478775024,1.2553761005401611,0.4345859885215759,0.06902321428060532,0.4531913995742798,0.3734431862831116,0.13318747282028198,0.2747098505496979,5.7930498123168945,0.23650819063186646,0.6792144775390625,0.5039710402488708,1.0255675315856934,0.10595090687274933,0.29996585845947266
129,0.4255283772945404,0.24547263979911804,0.42952096462249756,4.048709869384766,4.2719221115112305,0.4421008825302124,0.4529851973056793,0.495128870010376,0.33318594098091125,0.030866097658872604,8.629278182983398,5.443828582763672,0.10785619169473648,0.6386091709136963,0.3683640658855438,0.18933811783790588,0.053840335458517075,0.280192494392395
130,0.8494783043861389,0.4442751109600067,0.5549437403678894,2.3563058376312256,1.0397281646728516,0.41781577467918396,0.6446264386177063,0.7226055860519409,0.6430575251579285,1.1616313457489014,8.644744873046875,5.654749393463135,0.3900147080421448,0.8293015360832214,0.13274893164634705,2.406693458557129,0.07322462648153305,0.6038088798522949
131,0.8550078272819519,0.15663664042949677,0.7690562605857849,2.546928644180298,2.432173728942871,0.34749430418014526,0.9449299573898315,0.8467630743980408,0.7647855281829834,1.6811158657073975,7.7152276039123535,2.287651300430298,0.4974791705608368,0.9507718086242676,0.34521517157554626,0.022989878430962563,0.05556454882025719,1.191597819328308
132,0.5295867919921875,0.5952153205871582,0.225148543715477,0.27398499846458435,0.6593838334083557,0.43120917677879333,0.14927349984645844,0.43704962730407715,0.5889315009117126,0.008413465693593025,8.14737319946289,6.453865051269531,0.5754854679107666,0.9610713720321655,0.8831348419189453,0.25364014506340027,0.04967040568590164,0.8012924194335938
133,0.09232628345489502,0.17578110098838806,0.04819287359714508,1.4725860357284546,0.22387970983982086,0.38065823912620544,0.33283278346061707,0.1546224057674408,0.14987091720104218,1.1062957048416138,9.187426567077637,3.390226364135742,0.08200403302907944,0.2137061357498169,0.49015992879867554,0.005023476667702198,0.04848092049360275,4.77017879486084
134,0.2753807008266449,0.24311555922031403,0.3128657341003418,3.4659125804901123,0.9237145781517029,0.3211856484413147,0.24690866470336914,0.48411962389945984,0.30994799733161926,9.015437126159668,3.707821846008301,7.547406196594238,0.18321378529071808,0.3505901098251343,0.15638954937458038,6.122157573699951,1.7157001495361328,0.5650507211685181
135,0.32813557982444763,0.3654671907424927,0.3582010567188263,2.5812182426452637,1.4759880304336548,0.3601202070713043,0.054920896887779236,1.1324602365493774,0.5185496211051941,8.46699047088623,8.924388885498047,4.914608001708984,0.19922056794166565,0.9507718086242676,0.0628434345126152,3.397531270980835,0.46049928665161133,0.0021808191668242216
136,1.2691929340362549,2.736584186553955,1.1065771579742432,1.3132320642471313,0.6412995457649231,1.998022437095642,1.7511765956878662,1.1961958408355713,1.2973324060440063,2.0696749687194824,1.419654130935669,7.9998650550842285,2.5097217559814453,1.1965935230255127,1.7470827102661133,0.3118230998516083,9.09933090209961,6.421137809753418
137,0.774330735206604,0.7175482511520386,0.8566486835479736,2.8033227920532227,3.8426570892333984,0.26648348569869995,0.4371691942214966,0.6535395383834839,0.6926699876785278,1.9836033582687378,0.4566618800163269,3.4535012245178223,0.24983566999435425,0.9507718086242676,0.565147876739502,2.230187177658081,6.748717784881592,1.0696730613708496
138,1.2279832363128662,1.332214117050171,1.1098709106445312,1.3295598030090332,0.4542497992515564,3.012348175048828,1.15049147605896,1.09707772731781,1.1705763339996338,1.1337053775787354,3.9140326976776123,8.615676879882812,1.6016044616699219,1.1965935230255127,2.9148807525634766,0.2766748368740082,8.06425952911377,0.013774574734270573
139,0.2821236252784729,0.16682150959968567,0.5020766854286194,3.0022034645080566,9.40353775024414,0.2858732044696808,0.47890424728393555,0.7198407053947449,0.4686291217803955,0.9364556074142456,0.5204761028289795,0.4629093408584595,0.24150609970092773,0.5202860236167908,0.45925939083099365,9.623271942138672,0.5342751741409302,2.483711004257202
140,1.71903657913208,2.200146436691284,1.570125937461853,0.7358116507530212,0.16029448807239532,1.990047812461853,0.9068490266799927,1.0742591619491577,2.8703079223632812,3.010373115539551,0.9774119853973389,0.5724846124649048,1.6445001363754272,2.493732452392578,1.853812336921692,3.725384473800659,0.0006250573205761611,10.18397045135498
141,1.252378225326538,1.7821534872055054,1.3113471269607544,0.6697605848312378,0.3810228109359741,2.77376127243042,1.1799380779266357,1.5786595344543457,1.7449138164520264,0.36766716837882996,0.017429400235414505,0.1736668199300766,1.3105354309082031,1.1668843030929565,1.6349458694458008,0.047351762652397156,0.002133833011612296,9.08755874633789
142,0.8095623254776001,0.20529551804065704,0.827806293964386,4.063932418823242,9.473335266113281,0.1214512288570404,0.3058289587497711,0.8313961029052734,0.5131828188896179,4.8184685707092285,9.076892852783203,5.734045028686523,0.7996985912322998,0.9507718086242676,0.9203012585639954,8.373464584350586,5.646918773651123,5.592663764953613
143,0.5583750605583191,0.34707406163215637,0.8085278868675232,4.1823601722717285,6.618653774261475,0.08036180585622787,0.7851412296295166,0.4923403263092041,0.4049050807952881,10.287175178527832,7.859838962554932,6.581492900848389,0.4286209046840668,0.9507718086242676,0.681807816028595,4.064694404602051,6.413797378540039,7.181026458740234
144,1.2279832363128662,1.6148542165756226,1.0858759880065918,1.0155330896377563,0.7716084122657776,3.5814454555511475,1.2372853755950928,1.183619499206543,1.1638951301574707,0.713407576084137,2.766648769378662,0.6136652827262878,1.3283382654190063,1.1965935230255127,1.8214999437332153,0.9287001490592957,5.124737739562988,4.3836445808410645
145,1.8587347269058228,2.5199193954467773,1.0970759391784668,1.6044883728027344,3.3481690883636475,3.342956304550171,2.0964856147766113,1.4534454345703125,1.2853827476501465,4.030601978302002,4.3203535079956055,1.8071997165679932,1.5989794731140137,1.1965935230255127,1.1434768438339233,1.1162941455841064,4.0072431564331055,8.454571723937988
146,1.2552189826965332,2.2158849239349365,1.2245934009552002,1.3270032405853271,1.2741870880126953,1.3391964435577393,2.4921724796295166,2.006272792816162,1.816711187362671,1.7349023818969727,0.033871665596961975,0.021814869716763496,1.1233375072479248,1.1668843030929565,1.1967871189117432,0.5903326272964478,1.628729224205017,0.03858431056141853
147,0.19062235951423645,0.1994168758392334,0.2695838212966919,1.4313552379608154,0.9869766235351562,3.27958083152771,0.1223343014717102,0.7934889793395996,0.4971911907196045,0.0024199981708079576,0.028609395027160645,2.4456334114074707,0.8196728825569153,0.6687138676643372,0.6452299356460571,0.8008324503898621,5.0226922035217285,0.22644278407096863
148,1.4931390285491943,2.9813883304595947,2.745513439178467,1.115565299987793,1.7526214122772217,0.010967804118990898,2.6979498863220215,3.2364661693573,4.222475051879883,5.989593029022217,1.2430124282836914,1.3719558715820312,1.2956721782684326,1.1668843030929565,0.9478446841239929,0.27265214920043945,1.8381764888763428,3.700896978378296
149,2.9820761680603027,3.066585063934326,1.1908307075500488,1.264502763748169,1.3502497673034668,0.6956540942192078,2.6769473552703857,2.969015121459961,1.1029109954833984,4.947799205780029,10.114542961120605,4.880453586578369,6.185144424438477,1.5941498279571533,1.1844007968902588,0.6720987558364868,2.6847589015960693,7.792359828948975
150,3.6342599391937256,2.1023716926574707,2.6223204135894775,0.4402613639831543,4.403651714324951,1.1707514524459839,1.7077898979187012,1.819047451019287,2.3301846981048584,2.9416182041168213,7.229724884033203,0.030942033976316452,1.9133179187774658,2.1071553230285645,1.7463939189910889,0.41053691506385803,0.9115244746208191,8.709153175354004
151,0.5846216082572937,0.5039108991622925,0.9510996341705322,1.7879936695098877,0.28844794631004333,1.4213769435882568,0.8020060658454895,0.5561668872833252,0.5651071071624756,0.011336554773151875,7.70062324590981e-05,0.23803992569446564,0.7781851887702942,1.0348458290100098,1.1936821937561035,0.0668429508805275,0.002704773796722293,0.0009384519071318209
152,0.8494783043861389,0.35563525557518005,0.9487438797950745,1.4134451150894165,1.0403724908828735,1.4501709938049316,0.31759244203567505,0.703137993812561,0.711905837059021,2.6698319911956787,4.541770613286644e-05,1.3709831237792969,0.718145489692688,0.9507718086242676,1.0064096450805664,0.3413871228694916,3.9077117443084717,0.8978099822998047
153,0.283413827419281,0.13375984132289886,0.32474610209465027,2.4871292114257812,0.5212509632110596,1.4358769655227661,0.32194337248802185,0.3610149323940277,0.20608218014240265,6.014872074127197,6.258291978156194e-05,3.9729254245758057,0.701650857925415,0.8698967695236206,0.9376196265220642,0.3521621823310852,4.276866912841797,3.893836259841919
154,1.2279832363128662,2.2111737728118896,1.0892999172210693,0.8269791603088379,0.3292832374572754,0.637202262878418,2.253009796142578,1.1689263582229614,1.2192304134368896,2.9733340740203857,9.547993659973145,6.984143257141113,2.0896801948547363,1.1965935230255127,1.6553367376327515,2.4842171669006348,2.1148457527160645,4.564760684967041
155,1.7778716087341309,2.2844221591949463,1.9942874908447266,1.0769498348236084,4.161565780639648,1.4140722751617432,1.2253257036209106,2.395473003387451,2.734334945678711,3.477653980255127,0.00769933732226491,0.9130346179008484,1.8333203792572021,1.4537630081176758,1.14224374294281,1.4504525661468506,2.878882884979248,4.798152446746826
156,3.154283046722412,3.041186571121216,1.368667483329773,0.9381312131881714,0.850881040096283,0.6740331053733826,1.5367785692214966,1.3064403533935547,1.2030985355377197,0.5712036490440369,4.508138179779053,6.7639384269714355,4.29253625869751,1.1965935230255127,1.461775541305542,1.7414722442626953,0.06699825823307037,0.6915516257286072
157,1.610048532485962,2.4794464111328125,1.0900084972381592,1.852437138557434,2.6133310794830322,1.0221600532531738,2.876591682434082,1.5659029483795166,1.327977180480957,3.840545177459717,2.1537439823150635,3.712394952774048,1.2754260301589966,1.1723363399505615,1.1434768438339233,2.1113457679748535,0.30237725377082825,0.16421659290790558
158,0.2961929142475128,0.4051968455314636,0.7939599752426147,0.4555973410606384,0.37710902094841003,0.6356452107429504,0.4208128750324249,0.3572099804878235,0.3257880210876465,0.010223757475614548,4.831020355224609,5.7717976570129395,0.3223249912261963,0.9870662689208984,0.9695591926574707,0.44969141483306885,4.466555595397949,1.1221022605895996
159,0.5585398077964783,0.1716327965259552,0.5477532148361206,0.6570751667022705,0.4595050811767578,0.6267607808113098,0.16735045611858368,0.5029220581054688,0.5353085398674011,0.005109110847115517,0.1852990835905075,0.16570298373699188,0.8137054443359375,1.2195212841033936,1.015589714050293,1.7321736812591553,2.2911081314086914,0.45564383268356323
160,1.2425265312194824,2.417710781097412,1.454519510269165,1.0351972579956055,1.3175477981567383,0.3943898677825928,1.1488401889801025,1.9095836877822876,3.191012144088745,5.508790493011475,7.051087856292725,0.2394390106201172,1.2200080156326294,0.9896308183670044,1.1406221389770508,4.116647243499756,7.517417907714844,0.21582667529582977
161,0.37604638934135437,0.17386649549007416,0.45286059379577637,0.2035360485315323,2.143444061279297,2.079855442047119,0.4604322612285614,0.4633218050003052,0.3555096983909607,0.45184946060180664,0.12390391528606415,0.539169430732727,0.6880629062652588,0.7265709042549133,0.5262688398361206,0.9804691672325134,0.00543047022074461,1.858048439025879
162,0.17059573531150818,0.09718847274780273,0.3169347643852234,0.22153379023075104,1.2224594354629517,2.60664439201355,0.5999454259872437,0.796837568283081,0.4753102958202362,0.000773250067140907,0.00030071981018409133,1.1031855344772339,0.8195357322692871,0.3875480592250824,0.5554960370063782,6.670435428619385,5.952259063720703,3.028118848800659
163,0.4968912601470947,0.15513384342193604,0.5878902673721313,0.2864229083061218,2.2379002571105957,0.8385965824127197,0.1532602608203888,0.8394508957862854,0.5975503325462341,0.06377172470092773,0.0013873485149815679,1.66310715675354,0.703657865524292,0.7066450715065002,0.9132145047187805,3.0580551624298096,1.1242647171020508,3.267204761505127
164,3.9462954998016357,2.5147080421447754,1.7743704319000244,4.775750160217285,0.7165647745132446,0.5010697841644287,2.154459238052368,1.8871935606002808,1.586378574371338,4.094141483306885,5.815677165985107,3.9299569129943848,2.1642701625823975,1.5893275737762451,3.0242080688476562,0.2343277484178543,0.008481552824378014,0.024400629103183746
165,2.046461582183838,2.5726916790008545,1.7238056659698486,4.134603023529053,0.9704595804214478,0.4004541337490082,1.9373825788497925,1.8194468021392822,1.7576876878738403,2.577852964401245,9.559160232543945,2.9497036933898926,1.4280345439910889,1.2843503952026367,2.8088464736938477,0.016642196103930473,0.1872211992740631,0.019278651103377342
166,0.4665589928627014,0.17976856231689453,0.2860867977142334,0.17210300266742706,0.7881375551223755,1.4101272821426392,0.6845245361328125,0.5473745465278625,0.18267081677913666,0.010880311019718647,0.0014085381990298629,6.307560920715332,0.7139193415641785,0.857886552810669,0.668368935585022,3.1538491249084473,5.319911003112793,4.052556037902832
167,1.2279832363128662,1.9183546304702759,1.0913991928100586,3.905066967010498,2.1717779636383057,0.08628489822149277,3.132275342941284,1.6377828121185303,1.3999874591827393,7.099627494812012,3.201491117477417,6.818837642669678,1.5210881233215332,1.1965935230255127,1.8538141250610352,1.0270476341247559,1.9871395826339722,0.043504055589437485
168,2.4008383750915527,1.911931037902832,2.8838655948638916,0.820980966091156,2.8093326091766357,1.8543916940689087,3.073615312576294,2.3654825687408447,3.2441484928131104,8.580574035644531,1.084213376045227,0.0015244778478518128,1.2189475297927856,2.7325737476348877,0.5621019601821899,3.0309481620788574,4.072417259216309,9.682478904724121
169,0.3265341520309448,0.32209065556526184,0.5540674924850464,1.287201166152954,0.3621293008327484,1.5562859773635864,0.6468787789344788,0.13607102632522583,0.20354296267032623,0.07910708338022232,2.0824313163757324,4.754253387451172,0.3217634856700897,1.2453211545944214,0.6174420714378357,0.6947444081306458,0.7898656725883484,0.03824256733059883
170,0.5606635808944702,0.5367682576179504,0.8374494314193726,3.120379686355591,0.2278704047203064,0.33183711767196655,0.5261280536651611,0.5873987674713135,0.33166471123695374,0.6447791457176208,1.031308650970459,2.540475606918335,0.7840679883956909,0.9507718086242676,1.0790258646011353,0.21949492394924164,0.0025720868725329638,0.12425456196069717
171,0.3259083032608032,0.22076188027858734,0.8189043402671814,1.2985203266143799,0.553410530090332,0.09959957003593445,0.25327467918395996,0.7365646362304688,0.6160785555839539,1.5825402736663818,8.232328414916992,0.6902266144752502,0.7603706121444702,0.9507718086242676,0.9182946681976318,2.0121350288391113,5.368497848510742,0.12266767770051956
172,1.4980961084365845,2.6085205078125,2.2656588554382324,0.6759050488471985,3.6456594467163086,4.321062088012695,2.136009931564331,2.5700793266296387,3.7761483192443848,1.791822075843811,0.9271453619003296,0.960106372833252,1.460744857788086,1.1668843030929565,0.7740841507911682,0.0005876483046449721,3.832833766937256,3.6233181953430176
173,0.8420114517211914,0.296281099319458,0.7043569087982178,1.5855998992919922,3.6954708099365234,0.5375443696975708,0.34139856696128845,0.6180503368377686,0.5965389609336853,4.451362133026123,10.149032592773438,0.5141177177429199,0.5913220047950745,0.9507718086242676,1.015589714050293,6.05067777633667,5.2027363777160645,0.0011828100541606545
174,0.3635091185569763,0.28926387429237366,0.32614320516586304,1.9215972423553467,1.921974778175354,0.3793344497680664,0.20433256030082703,0.3080395758152008,0.25100579857826233,1.9318852424621582,3.990863084793091,0.4577327370643616,0.8439121246337891,0.5960239171981812,0.3426259756088257,15.751728057861328,3.0543341636657715,0.0006111184484325349
175,2.3884191513061523,3.108156442642212,2.454071283340454,1.286336064338684,1.6801390647888184,1.9427528381347656,2.3286588191986084,2.861140727996826,2.5587711334228516,1.8166840076446533,2.9116597175598145,2.1291582584381104,4.866015911102295,1.3170969486236572,0.8111472129821777,0.0845395028591156,1.1925535202026367,5.412581920623779
176,0.16133221983909607,0.19382022321224213,0.24348269402980804,0.8905114531517029,1.6865841150283813,1.0059354305267334,0.33959734439849854,0.3621874153614044,0.27558767795562744,0.29981598258018494,8.680817604064941,2.2291252613067627,0.17986147105693817,0.6249499320983887,0.45723676681518555,0.4156787693500519,0.016005488112568855,0.019764039665460587
177,0.8170950412750244,0.10918857157230377,0.8589182496070862,1.0569021701812744,1.8880023956298828,4.017138957977295,0.48230600357055664,0.6423587799072266,0.5383208394050598,0.0018454440869390965,9.0877103805542,1.0625014305114746,0.6497985124588013,0.8579639792442322,0.9856603145599365,0.026347937062382698,0.006240169517695904,2.6247806549072266
178,1.367329478263855,2.8216519355773926,1.948232889175415,1.0353951454162598,1.5987612009048462,0.0032184727024286985,1.667262315750122,1.5411291122436523,2.0991573333740234,3.792856216430664,0.07065815478563309,0.004156878218054771,1.2820724248886108,1.1689574718475342,0.7760280966758728,2.0355968475341797,7.280893802642822,4.231470108032227
179,2.0710413455963135,2.366971015930176,1.9987692832946777,1.8525793552398682,1.43989098072052,0.0027204668149352074,1.86006498336792,1.739251971244812,2.879908561706543,1.0534642934799194,0.0414237342774868,1.7157530784606934,1.4370546340942383,2.201124906539917,1.0255522727966309,0.737026572227478,1.1417533159255981,0.11169759929180145
180,2.4417002201080322,2.572531223297119,1.1243537664413452,2.4792349338531494,0.617803156375885,9.959227561950684,1.5148816108703613,2.0362040996551514,1.7505971193313599,3.026461601257324,2.2946786880493164,1.9741923809051514,1.1183395385742188,1.1684255599975586,1.615728735923767,6.029723167419434,0.007631670217961073,9.22044563293457
181,0.8494783043861389,1.0133522748947144,0.8198806643486023,0.8932732939720154,2.4444241523742676,5.540740013122559,0.9971270561218262,0.8913277387619019,1.0987272262573242,3.9687929153442383,0.07081209868192673,0.8723642230033875,0.6358318328857422,1.0432014465332031,0.9856563806533813,0.5599503517150879,0.07477882504463196,0.5722431540489197
182,0.527008593082428,0.46017134189605713,0.14992335438728333,0.6050279140472412,2.793933153152466,3.7287633419036865,0.35092946887016296,0.3879901170730591,0.520435094833374,0.17013025283813477,1.3275394439697266,1.8615784645080566,0.37386807799339294,0.6350437998771667,1.015589714050293,0.7270843982696533,0.0032095606438815594,4.205037593841553
183,1.2279832363128662,2.1117496490478516,1.140407681465149,1.619543194770813,0.6769416332244873,5.197692394256592,1.5374767780303955,1.3195821046829224,1.1841456890106201,3.657153367996216,2.971442222595215,2.902139186859131,1.6743932962417603,1.1965935230255127,1.6480181217193604,0.5841029286384583,0.7448017001152039,8.654532432556152
184,0.7788066864013672,0.7323487997055054,0.7332979440689087,2.7154245376586914,0.09545844048261642,2.585484504699707,0.3320891857147217,0.8903791904449463,0.7795765399932861,5.5955705642700195,0.0015231685247272253,1.534014105796814,0.6609082818031311,0.9507718086242676,0.9871798753738403,0.049528829753398895,0.002752208849415183,3.764349937438965
185,0.5529365539550781,0.3064112365245819,0.4714756906032562,3.1107287406921387,0.016863994300365448,3.878237724304199,0.7079716324806213,0.43806061148643494,0.35411345958709717,3.113882064819336,0.00037305548903532326,3.6378419399261475,0.48963528871536255,0.7130225896835327,0.9869271516799927,0.024745505303144455,0.0849013701081276,3.806633710861206
186,0.41239356994628906,0.3273729085922241,0.9320820569992065,1.1492711305618286,0.6735944747924805,5.487461090087891,0.394864022731781,0.795191764831543,0.5595552921295166,1.1408616304397583,0.018245013430714607,1.0114588737487793,0.2540591061115265,0.9158422946929932,1.0081098079681396,0.001943843555636704,0.203607439994812,0.008679640479385853
187,0.44164368510246277,0.2197081446647644,0.7243760228157043,3.6969423294067383,0.30452701449394226,4.311316013336182,0.42884141206741333,0.3987058699131012,0.28164368867874146,2.5536625385284424,7.429817199707031,3.044792413711548,0.7126928567886353,0.9052380323410034,1.015589714050293,10.917442321777344,0.5908247828483582,0.06807217001914978
188,1.23297119140625,1.954775333404541,1.087448239326477,1.2979583740234375,5.7835798263549805,0.8719826936721802,2.4056644439697266,1.2734628915786743,1.1683378219604492,3.824256658554077,1.1935007572174072,1.3905361890792847,1.72641921043396,1.1965935230255127,1.357901930809021,1.4803825616836548,6.895159721374512,0.48463135957717896
189,0.9467153549194336,0.30711114406585693,0.6543532013893127,2.1796839237213135,0.10541559755802155,1.1953884363174438,0.7098639607429504,0.616009533405304,0.5504561066627502,5.755629062652588,2.162029266357422,3.0051214694976807,0.3335058093070984,0.6686185598373413,0.4759811460971832,3.428248167037964,5.219305515289307,3.5641403198242188
190,0.21631620824337006,0.15480570495128632,0.8514286875724792,1.3616727590560913,0.054617878049612045,1.3484516143798828,0.3324723243713379,0.5880063772201538,0.4446476697921753,6.524039268493652,4.3882927894592285,4.009124279022217,0.13449634611606598,0.8657041192054749,0.7099106907844543,5.50571346282959,5.566727161407471,2.1557276248931885
191,0.3714860677719116,0.3076338768005371,0.6483150124549866,2.5648975372314453,0.7077914476394653,1.6204166412353516,0.8314071893692017,0.7299888730049133,0.314561665058136,10.124496459960938,3.9648070335388184,7.1198554039001465,0.33033502101898193,0.46896979212760925,0.38538169860839844,2.3693175315856934,5.204691410064697,2.9253926277160645
192,0.8571394085884094,0.2228430062532425,0.8189337849617004,2.0916411876678467,0.9275840520858765,1.8179470300674438,0.17466655373573303,0.408316969871521,0.3618067502975464,5.172926902770996,0.2137339562177658,3.913226842880249,0.4106649160385132,0.9507718086242676,0.7162851095199585,0.027421487495303154,0.6118603348731995,2.216487407684326
193,0.25577762722969055,0.17298799753189087,0.28047314286231995,1.934319257736206,3.2233896255493164,1.871593952178955,0.12703871726989746,0.2563268840312958,0.1974480152130127,4.47698450088501,4.9139933586120605,5.337240695953369,0.08691873401403427,0.9381502270698547,0.14685434103012085,0.36963069438934326,1.697029948234558,3.103391647338867
194,3.0236244201660156,2.956181049346924,3.0605952739715576,1.0659165382385254,0.7730980515480042,1.0831055641174316,2.6829380989074707,2.036055088043213,3.416736602783203,0.9108281135559082,0.09236269444227219,0.08501087129116058,3.5939722061157227,4.422098159790039,2.673823833465576,0.26502475142478943,0.7098264098167419,10.145413398742676
195,2.05547833442688,2.5578982830047607,1.62758469581604,1.0957506895065308,0.9906415343284607,0.9098995923995972,2.521803617477417,1.7404669523239136,2.7054808139801025,3.1277151107788086,0.001158162602223456,0.33478817343711853,2.5088653564453125,1.5421736240386963,4.022371768951416,1.8702715635299683,4.50736665725708,9.9805908203125
196,0.5410870313644409,0.3129417598247528,0.9162032008171082,1.2177480459213257,1.3759057521820068,1.7805771827697754,0.4353751838207245,0.9462644457817078,0.4594482481479645,0.009933325462043285,8.58048152923584,2.351919651031494,0.6347914934158325,0.9507718086242676,0.16592669486999512,1.3028621673583984,0.9948475956916809,2.825078248977661
197,0.6804438233375549,0.24281105399131775,0.5818723440170288,1.6185792684555054,1.008444905281067,1.7231521606445312,0.35158371925354004,0.5884772539138794,0.4293895363807678,0.0019020814215764403,9.150922775268555,1.1866264343261719,0.424365371465683,0.4626014232635498,0.8559432625770569,3.4335949420928955,0.0022128161508589983,3.7285587787628174
198,0.22481156885623932,0.2632145583629608,0.7351037263870239,0.5117148160934448,2.147547960281372,1.6911156177520752,0.36133286356925964,0.6457268595695496,0.4826393127441406,0.018267488107085228,4.590312957763672,3.7656586170196533,0.45471590757369995,0.6141486167907715,0.35006725788116455,0.09338485449552536,0.0019527667900547385,6.120112419128418
199,0.8452176451683044,0.24170047044754028,0.8932139277458191,1.7243858575820923,2.5291781425476074,1.656818151473999,0.2968461215496063,0.6249069571495056,0.3793860971927643,0.1156589612364769,6.476754665374756,5.038288116455078,0.44333499670028687,0.9507718086242676,0.6198257803916931,1.1126830577850342,0.005075071472674608,3.0056397914886475
200,0.24741581082344055,0.11230999231338501,0.267934113740921,1.4014897346496582,2.2952651977539062,1.6605653762817383,0.12174384295940399,0.3126522898674011,0.19623629748821259,0.153018981218338,7.621966361999512,0.2368144392967224,0.495025098323822,0.2701686918735504,0.6260805726051331,0.10650906711816788,0.025993624702095985,2.705453395843506
201,0.37851402163505554,0.1123993843793869,0.6458478569984436,0.49816393852233887,0.3453342020511627,1.7127056121826172,0.1491689682006836,0.6212718486785889,0.44572341442108154,0.0011326810345053673,3.802380084991455,0.037367548793554306,0.25493618845939636,0.9507718086242676,0.5590693354606628,3.1969153881073,5.5632171630859375,1.350965142250061
202,0.6132279634475708,0.1688273698091507,0.8760161995887756,1.6857110261917114,0.009564291685819626,1.5713070631027222,0.5185167789459229,0.6082790493965149,0.37294915318489075,0.9135597348213196,7.015860080718994,0.003951243124902248,0.08302662521600723,0.9507718086242676,0.24901634454727173,5.7698869705200195,0.03941792622208595,0.5662591457366943
203,0.5142646431922913,0.38405314087867737,0.21800513565540314,1.2984683513641357,0.018859708681702614,1.3919105529785156,0.6487518548965454,0.5251100063323975,0.7132280468940735,0.2768264412879944,3.834135055541992,0.0032702796161174774,0.7393548488616943,0.48721861839294434,0.9735148549079895,0.05399654805660248,3.721210241317749,1.7628800868988037
204,0.5338888764381409,0.2065473198890686,0.705482006072998,0.5947059392929077,0.04916822537779808,0.8417328000068665,0.3448323905467987,0.8865889310836792,0.3878154158592224,3.803830146789551,2.6897025108337402,0.000704159727320075,0.35717201232910156,0.7673481702804565,0.985750675201416,0.013564675115048885,0.6745810508728027,1.1161454916000366
205,1.2967338562011719,2.7259883880615234,1.856764554977417,0.6221157908439636,3.9553682804107666,0.8917362689971924,2.874980926513672,1.7557628154754639,2.712205410003662,0.172331303358078,3.6559762954711914,6.319317817687988,2.650766611099243,1.1668843030929565,1.5003323554992676,0.7435824871063232,5.73836088180542,1.0939610004425049
206,1.5603399276733398,2.4084420204162598,1.0943653583526611,3.0519204139709473,3.4461019039154053,5.20674467086792,2.2967207431793213,1.5559451580047607,1.3132926225662231,3.703699827194214,8.501962661743164,5.590138912200928,1.7468361854553223,1.1965935230255127,2.3194479942321777,0.18524183332920074,0.04798530414700508,6.578623294830322
207,2.0896685123443604,2.857766628265381,2.262615919113159,1.866441011428833,1.9980716705322266,4.736815452575684,2.2501776218414307,1.5068919658660889,2.4092190265655518,0.4614664316177368,0.10271520167589188,1.5872546434402466,1.557448148727417,2.7683494091033936,1.8680161237716675,2.5831758975982666,5.091216564178467,1.5844414234161377
208,0.5331189036369324,0.2498113363981247,0.7732210755348206,0.22394384443759918,0.2908385396003723,0.1690552979707718,0.21836358308792114,0.8220868706703186,0.4885106682777405,1.1166833639144897,8.876338958740234,0.26915404200553894,0.4940554201602936,0.9507718086242676,0.4661543369293213,8.69261360168457,3.9645986557006836,0.4065331220626831
209,0.45484960079193115,0.10403542220592499,0.848547637462616,0.0973891094326973,0.1548614650964737,0.4779564142227173,0.3102071285247803,0.5562224984169006,0.22422824800014496,0.24478720128536224,6.372282028198242,5.934033393859863,0.10193413496017456,0.9507718086242676,0.7217792868614197,5.575582981109619,0.24433429539203644,0.941938042640686
210,1.6218483448028564,2.771026611328125,2.0823419094085693,2.1480565071105957,1.1053781509399414,1.5758246183395386,2.697526216506958,1.9892480373382568,2.523973226547241,3.7234106063842773,1.9409937858581543,4.064074993133545,2.5081024169921875,2.3179006576538086,1.891680359840393,0.12918968498706818,6.196625709533691,0.44247323274612427
211,2.8568029403686523,2.3849668502807617,1.5023401975631714,0.7358961701393127,1.3706368207931519,1.9672002792358398,1.5409401655197144,1.7237603664398193,1.3968555927276611,1.5302590131759644,0.3050177991390228,6.673863410949707,1.5587129592895508,1.1791822910308838,1.9717185497283936,0.584345817565918,0.011873052455484867,3.035815715789795
212,0.8494783043861389,0.26649555563926697,0.4728022813796997,1.32648766040802,0.30788931250572205,0.512323796749115,1.0037169456481934,0.49079185724258423,0.00028534632292576134,0.23367218673229218,6.89687967300415,0.7145867347717285,0.7560298442840576,1.142998456954956,0.34983354806900024,0.3100740611553192,7.088363170623779,1.1989362239837646
213,0.4981268346309662,0.15675313770771027,0.6757412552833557,3.2063047885894775,1.04274320602417,0.7572058439254761,0.09767003357410431,0.6794435381889343,0.27613893151283264,0.0229000523686409,5.784120082855225,1.2008754014968872,0.09283017367124557,0.7594194412231445,1.015589714050293,0.02469189092516899,0.3783262372016907,1.1569643020629883
214,0.41126346588134766,0.29587745666503906,0.8533876538276672,2.454684019088745,0.8545696139335632,0.7175522446632385,0.19687308371067047,0.7546675205230713,0.4050702154636383,0.22163838148117065,0.14398451149463654,0.7898914217948914,0.4020569920539856,0.9507718086242676,1.0238813161849976,0.6207630634307861,0.21980613470077515,3.7519640922546387
215,0.17483431100845337,0.20146937668323517,0.35628601908683777,1.9917829036712646,0.962510347366333,0.8026106357574463,0.7702546119689941,0.4019899368286133,0.6353863477706909,1.4109631776809692,5.835411548614502,0.7540338039398193,0.4261373281478882,0.6321903467178345,0.062215205281972885,2.2748725414276123,0.05087444931268692,2.001328229904175
216,0.2566109001636505,0.2847941219806671,0.20171727240085602,2.274494171142578,0.38449203968048096,1.0757429599761963,0.36647316813468933,0.37964025139808655,0.23431651294231415,0.021994590759277344,6.387153625488281,0.5858571529388428,0.4092385172843933,0.37623390555381775,0.19807268679141998,0.02434699796140194,0.24828609824180603,1.6741135120391846
217,0.27481094002723694,0.12503395974636078,0.3104763329029083,1.442466378211975,0.6141961216926575,1.2868374586105347,0.21194271743297577,0.5617498159408569,0.4653242528438568,0.011287285946309566,8.935832023620605,0.4301007390022278,0.3306199014186859,0.6029722690582275,0.6655287742614746,0.016830703243613243,0.00524667976424098,1.5497467517852783
218,0.2376776486635208,0.13205668330192566,0.739173948764801,0.9614818096160889,0.4001424312591553,3.9427521228790283,0.20104427635669708,0.43970128893852234,0.3160029947757721,0.03191356733441353,9.450618743896484,0.9219684600830078,0.08050952851772308,0.541431188583374,0.15022006630897522,0.05323377624154091,0.675983726978302,1.6750893592834473
219,0.5259263515472412,0.12046096473932266,0.7119436264038086,0.6008377075195312,1.3666844367980957,3.710491895675659,0.33294910192489624,0.6567254066467285,0.39739668369293213,0.018760504201054573,8.48068904876709,2.7058913707733154,0.2090817391872406,0.725273847579956,0.42972531914711,0.01220508199185133,5.857213497161865,1.6096711158752441
220,0.27439552545547485,0.13984723389148712,0.5438719391822815,0.6945174932479858,0.19659459590911865,1.0490013360977173,0.09938415884971619,0.26305705308914185,0.16194002330303192,0.10547439008951187,8.616127967834473,0.4263909161090851,0.10815002769231796,0.9507718086242676,0.08444824069738388,2.269798994064331,0.9932155609130859,1.813431739807129
221,0.1964988112449646,0.1524399220943451,0.5190003514289856,0.8731786012649536,0.9634150862693787,0.5250307321548462,0.2542908787727356,0.54349285364151,0.2975939214229584,0.01232872623950243,7.931641101837158,2.3148386478424072,0.2407246232032776,0.3252132833003998,0.34252071380615234,0.5178124904632568,5.678128719329834,1.5990815162658691
222,0.08581970632076263,0.15916213393211365,0.7483677268028259,1.1222050189971924,0.25241318345069885,0.4363521933555603,0.5890675783157349,0.43374425172805786,0.3398488163948059,0.01905212737619877,6.979743957519531,1.0282673835754395,0.2717943787574768,0.773386538028717,0.1503874659538269,2.6641228199005127,0.037974853068590164,1.5021507740020752
223,0.241117924451828,0.25379738211631775,0.24670962989330292,0.7063107490539551,2.760544776916504,0.13422568142414093,0.555269181728363,0.4941941201686859,0.22318054735660553,0.008694530464708805,9.905680656433105,1.2146456241607666,0.1837748885154724,0.3224073648452759,0.3172970414161682,0.5257510542869568,0.0015464978059753776,1.6171071529388428
224,0.17937129735946655,0.16250570118427277,0.8358494639396667,0.41095271706581116,0.5598269701004028,0.05411479249596596,0.19756044447422028,0.6101222038269043,0.4508900046348572,0.0015160269103944302,5.281740665435791,1.59071683883667,0.10988400131464005,0.5148913860321045,0.18539832532405853,1.4193018674850464,0.06465960294008255,1.7385001182556152
225,2.9192490577697754,2.709833860397339,1.8882149457931519,0.926365077495575,1.0694016218185425,2.0482945442199707,2.322401762008667,1.2402660846710205,1.2900922298431396,6.502860069274902,2.907607078552246,3.6276745796203613,1.5800189971923828,1.4052050113677979,2.463634729385376,0.0062177786603569984,0.006299756933003664,0.6082789301872253
226,0.1566981077194214,0.14635944366455078,0.27171942591667175,1.381932020187378,1.1582890748977661,0.21502159535884857,0.18141460418701172,0.4725458323955536,0.3322695195674896,2.20859956741333,2.176713228225708,0.7934568524360657,0.13841073215007782,0.35612866282463074,0.06229070574045181,5.127125263214111,0.01773640140891075,1.773465871810913
227,2.519099473953247,2.393815040588379,1.3879963159561157,1.1649165153503418,1.6108767986297607,2.4651575088500977,3.3688526153564453,1.1821738481521606,1.464921236038208,1.520003318786621,7.068731307983398,4.312930107116699,2.6475577354431152,1.1617730855941772,3.705066204071045,0.6030311584472656,2.9771032333374023,0.48659661412239075
228,0.1602638065814972,0.11450731754302979,0.32455042004585266,1.3170517683029175,0.2051573544740677,0.1778005063533783,0.17429199814796448,0.35357245802879333,0.1466839760541916,5.091177940368652,7.458160400390625,0.8428165316581726,0.8904886245727539,0.3292727768421173,0.2751096785068512,5.707453727722168,0.029838934540748596,1.9526201486587524
229,1.2748268842697144,2.077298641204834,1.4288547039031982,0.9783027768135071,4.189039707183838,1.5070632696151733,2.5707435607910156,1.379376769065857,1.9280543327331543,0.22180083394050598,2.4031982421875,0.19130517542362213,1.9059512615203857,1.2995299100875854,0.6233652830123901,2.0690298080444336,1.8361307382583618,0.5407817363739014
230,0.8764222860336304,1.0123076438903809,0.5255355834960938,1.1956732273101807,0.00183723377995193,0.2922859489917755,0.8929134011268616,0.9373788833618164,0.4566047787666321,8.086591720581055,0.2500966489315033,0.6550147533416748,0.6422516107559204,0.9507718086242676,0.12410757690668106,2.2841293811798096,0.3412168025970459,1.6225552558898926
231,0.44495582580566406,0.1029098853468895,0.8573276996612549,1.9876775741577148,0.15274356305599213,0.33680588006973267,0.6748456358909607,0.6405123472213745,0.3697352111339569,1.114849328994751,0.0814661905169487,0.03033125400543213,0.6102754473686218,0.9507718086242676,0.9151674509048462,1.9009685516357422,0.15042828023433685,1.5797128677368164
232,0.2601779103279114,0.18262682855129242,0.3127323389053345,1.8792181015014648,2.6933352947235107,0.30214110016822815,0.32020410895347595,0.3386615514755249,0.2316931188106537,0.003406913485378027,2.267348289489746,0.0019025574438273907,0.17871259152889252,0.5497390627861023,0.3157394528388977,3.4219472408294678,0.8639974594116211,1.591719388961792
233,0.1953810602426529,0.16304370760917664,0.23050062358379364,1.8972440958023071,1.492311716079712,0.31554120779037476,0.1712622195482254,0.3419848084449768,0.3086232841014862,1.117732048034668,2.89628529548645,0.0007188120507635176,0.33519595861434937,0.34925565123558044,0.08213866502046585,4.567017555236816,0.03564443066716194,1.6816751956939697
234,3.340623378753662,3.2105343341827393,1.2605774402618408,0.8598061800003052,0.704685628414154,2.0304813385009766,3.1235594749450684,1.7333145141601562,1.7048454284667969,3.5017144680023193,5.3101983070373535,7.270691394805908,2.1632044315338135,1.1690094470977783,2.7949962615966797,0.7339959740638733,9.44752311706543,0.7062081694602966
235,2.4409005641937256,2.892638921737671,1.1035995483398438,0.8317334651947021,0.4975396990776062,1.9236208200454712,1.568934679031372,1.7582182884216309,1.5936925411224365,3.972990036010742,6.292667388916016,2.5580217838287354,1.6827723979949951,1.2074999809265137,1.9809739589691162,0.16846612095832825,7.539519786834717,0.5138289332389832
236,0.17030662298202515,0.0916518121957779,0.47222962975502014,1.8969838619232178,0.6170846819877625,0.27434805035591125,0.10838569700717926,0.5958614945411682,0.4028858244419098,0.12288033962249756,0.0869283527135849,6.671741962432861,0.24957360327243805,0.9507718086242676,0.33850350975990295,7.000378131866455,0.16569450497627258,2.6069555282592773
237,0.13819406926631927,0.13769954442977905,0.24935288727283478,0.40048184990882874,1.4599802494049072,0.2720637619495392,0.510708212852478,0.46530163288116455,0.3124805688858032,1.0770623683929443,7.381696701049805,5.775436878204346,0.20228241384029388,0.42346081137657166,0.4943247437477112,3.1194558143615723,0.056684479117393494,2.524268388748169
238,1.3479732275009155,2.9890573024749756,1.6295722723007202,0.8610360622406006,2.6083908081054688,1.8229950666427612,1.2628333568572998,2.0474438667297363,4.1485595703125,6.020236968994141,0.013759524561464787,1.3115804195404053,2.745715856552124,1.1668843030929565,1.9216614961624146,0.03524909168481827,2.7995874881744385,1.9498502016067505
239,2.1662750244140625,3.195272207260132,1.659358263015747,0.8569613099098206,2.682237148284912,2.627005100250244,2.049103021621704,1.8441808223724365,3.074981212615967,2.5185933113098145,0.010450403206050396,0.010062678717076778,3.2565789222717285,2.697124481201172,2.36441969871521,0.1864449828863144,0.008126291446387768,1.1287938356399536
240,0.03634336590766907,0.13767586648464203,0.8698025345802307,1.0987046957015991,1.396240234375,0.15606018900871277,0.6405724883079529,0.5021078586578369,0.5089112520217896,0.07402212172746658,9.76635456085205,1.4897462129592896,0.40672990679740906,0.9507718086242676,0.45494645833969116,7.358184337615967,0.9330103993415833,3.2642736434936523
241,0.5179586410522461,0.2119084745645523,0.7036482095718384,0.7885144948959351,2.060739755630493,0.12681107223033905,0.6361038088798523,0.61247718334198,0.4725392162799835,0.022394970059394836,8.449167251586914,3.806241512298584,0.5792194604873657,0.5925894379615784,0.5865744948387146,6.0515594482421875,0.6301993727684021,2.9884347915649414
242,0.32344111800193787,0.14269472658634186,0.290924996137619,0.982624888420105,0.9514803886413574,0.1676337718963623,0.3713482618331909,0.327343612909317,0.20476247370243073,0.31869611144065857,9.493112564086914,1.0039186477661133,0.2022443413734436,0.26000845432281494,0.7951095104217529,0.3308901786804199,3.802464008331299,3.651583194732666
243,0.18438486754894257,0.10504422336816788,0.4080085754394531,0.9549559354782104,0.26282739639282227,0.16634881496429443,0.09238388389348984,0.4617384076118469,0.37170177698135376,0.018315009772777557,8.871782302856445,1.411664366722107,0.1693677306175232,0.30040842294692993,0.660385012626648,0.37754470109939575,1.0066531896591187,3.590639352798462
244,0.3763313591480255,0.1381697803735733,0.5345902442932129,1.11180579662323,0.2701272666454315,0.16485731303691864,0.13716082274913788,0.5254640579223633,0.2718411684036255,0.06271513551473618,9.172494888305664,0.41027212142944336,0.21271182596683502,0.5799142718315125,0.4980783760547638,0.015248745679855347,0.03038514405488968,3.4904732704162598
245,0.5309818983078003,0.15849485993385315,0.8966336250305176,1.1119894981384277,0.16339123249053955,0.1740420162677765,0.31269022822380066,0.6981518268585205,0.4036073684692383,0.03519316017627716,9.613999366760254,0.6682532429695129,0.1868176907300949,0.6747751832008362,0.32983678579330444,2.783615827560425,0.011419764719903469,3.9481732845306396
246,1.4810693264007568,2.7242743968963623,2.7869315147399902,1.3212777376174927,0.8260002136230469,2.1789519786834717,3.009484052658081,2.3085920810699463,3.478426933288574,4.586730003356934,0.0007541911327280104,0.2296520322561264,2.8552489280700684,1.5199143886566162,3.3224711418151855,2.4230659008026123,4.614672660827637,2.832188129425049
247,1.814684510231018,3.1779415607452393,2.4109878540039062,3.1274523735046387,0.5432069897651672,2.6241843700408936,1.584779977798462,2.123939275741577,2.7812564373016357,6.653051853179932,0.05533808842301369,1.1010524034500122,3.090667247772217,1.1668843030929565,3.2041544914245605,5.483058452606201,3.92258358001709,5.190160751342773
248,0.37855175137519836,0.1333189457654953,0.4323487877845764,0.48522520065307617,1.9744528532028198,0.09900589287281036,0.12705141305923462,0.24878036975860596,0.25882938504219055,2.0184898376464844,0.005587080493569374,1.7498122453689575,0.414145827293396,0.9507718086242676,0.11703179031610489,8.148839950561523,2.3507003784179688,3.0559005737304688
249,1.7714579105377197,1.7793738842010498,1.5952835083007812,3.797015428543091,0.4642036557197571,3.1195101737976074,1.7429440021514893,1.5425653457641602,1.383912205696106,0.28892782330513,5.110587120056152,3.546706199645996,2.6098713874816895,1.1760106086730957,1.5595567226409912,0.38294553756713867,6.38826322555542,0.36328837275505066
250,0.30971282720565796,0.15282469987869263,0.5220521092414856,0.13932302594184875,4.084384918212891,1.7193059921264648,0.1323905885219574,0.689367413520813,0.33594244718551636,2.568873405456543,6.749323844909668,0.20130202174186707,0.6890130043029785,0.45585620403289795,0.8271266222000122,0.5889860987663269,0.23277245461940765,2.1541926860809326
251,0.3719950318336487,0.1758778840303421,0.8537442684173584,0.18676219880580902,1.9700160026550293,1.0144686698913574,0.8558349609375,0.6214065551757812,0.4723791182041168,2.159104347229004,4.982747554779053,0.06932879239320755,0.5597947835922241,0.9084792733192444,0.7459205985069275,5.395537376403809,0.3954353332519531,2.4708657264709473
252,0.48893970251083374,0.1664828509092331,0.7105810642242432,1.2672505378723145,0.9337127804756165,0.5090227127075195,0.06962360441684723,0.6320068836212158,0.3611813485622406,0.32947686314582825,2.2961301803588867,0.004001706372946501,0.38292261958122253,0.6211461424827576,0.30581632256507874,0.8045676946640015,2.020099639892578,1.9010097980499268
253,2.6464080810546875,2.1884756088256836,2.317657947540283,0.428351491689682,3.241637706756592,1.5984086990356445,2.8182895183563232,2.324220657348633,4.160767555236816,2.5582780838012695,1.416157603263855,6.81308126449585,3.1387569904327393,3.578209161758423,1.3030266761779785,10.976000785827637,0.02996932528913021,0.6832659244537354
254,0.45599523186683655,0.09350688755512238,0.5908023118972778,0.3554772138595581,0.45557570457458496,0.2108321487903595,0.30040180683135986,0.5657588243484497,0.3167828917503357,0.08436903357505798,1.563783049583435,0.0028058229945600033,0.4771169126033783,1.0152316093444824,0.9706151485443115,0.08448845148086548,0.040925174951553345,1.7942101955413818
255,0.2602991461753845,0.19771090149879456,0.26559826731681824,0.5586862564086914,3.0947306156158447,0.3099792003631592,0.07644249498844147,0.8341550827026367,0.27174195647239685,0.15117555856704712,0.3366713523864746,0.0007692000363022089,0.5029157996177673,0.3196287453174591,0.7151324152946472,0.08815464377403259,2.6546998023986816,5.078490734100342
256,0.0770530253648758,0.2514530122280121,0.23949041962623596,0.6937540173530579,2.7298340797424316,0.4029984176158905,0.5695068836212158,0.34771451354026794,0.2949109375476837,0.28519806265830994,2.8208303451538086,0.000686767278239131,0.4969956874847412,0.49844712018966675,0.9605573415756226,0.0006121906917542219,0.04169933497905731,3.882896900177002
257,0.41828420758247375,0.21744315326213837,0.33965787291526794,0.2094566375017166,2.4375805854797363,0.5017914772033691,0.20791511237621307,0.4336738586425781,0.22402749955654144,0.8768760561943054,1.8006374835968018,0.0005035324720665812,0.6344987750053406,0.5953859090805054,0.6232825517654419,0.0024341498501598835,0.19388818740844727,6.160612106323242
258,1.385642409324646,2.1889219284057617,1.4961367845535278,1.3741657733917236,2.031602382659912,1.7513751983642578,2.145575761795044,2.3289313316345215,3.5906002521514893,2.128816604614258,0.0011094611836597323,8.00154972076416,1.5289878845214844,1.1668843030929565,1.29434072971344,4.857432842254639,0.0039983815513551235,0.7176225185394287
259,3.057459592819214,2.3263001441955566,1.3398706912994385,0.7745133638381958,1.6152245998382568,1.2590137720108032,3.322510004043579,1.7577118873596191,1.4934635162353516,6.077327251434326,6.109609603881836,6.734631538391113,1.3345280885696411,1.2072241306304932,1.1635081768035889,0.019942961633205414,3.6598944664001465,0.5601629018783569
260,0.12573517858982086,0.11640190333127975,0.1839940994977951,1.5209004878997803,0.321653813123703,0.597466766834259,0.19007474184036255,0.25542396306991577,0.2835971713066101,0.16644269227981567,3.5288045406341553,0.04634925350546837,0.5066945552825928,0.322871595621109,0.4912365972995758,1.0969549417495728,3.6961283683776855,2.7120461463928223
261,1.6619006395339966,2.5647382736206055,2.401338815689087,1.0388586521148682,0.8429374098777771,0.9372867941856384,1.3435544967651367,2.0290298461914062,2.087928295135498,7.360783100128174,4.365116596221924,0.8933237195014954,2.4329800605773926,1.2981486320495605,2.2408580780029297,3.5564870834350586,0.840333878993988,0.4314274787902832
262,0.30104565620422363,0.16188658773899078,0.8599846363067627,1.478971242904663,0.25085052847862244,0.5976988077163696,0.051787085831165314,0.5334463119506836,0.407574325799942,0.22169071435928345,0.004541796166449785,5.547595500946045,0.23762981593608856,0.9210414886474609,0.7629542350769043,5.0320024490356445,3.5241897106170654,2.3052845001220703
263,0.4135558605194092,0.2890150845050812,0.36699122190475464,0.33366918563842773,0.19550715386867523,0.6571086049079895,0.20105206966400146,0.5031670928001404,0.2046661078929901,0.03881711885333061,7.056280612945557,5.803365230560303,0.2056521475315094,0.3892519474029541,0.4473789632320404,3.054717540740967,0.0073216683231294155,1.9496331214904785
264,1.464895486831665,1.941432237625122,1.1073105335235596,2.235685348510742,2.136045217514038,1.652126669883728,2.1712265014648438,1.4289952516555786,1.4105149507522583,3.011641502380371,4.9751763343811035,4.953221321105957,2.3888306617736816,1.1925253868103027,1.4848045110702515,0.395236074924469,2.5989089012145996,0.5620902180671692
265,1.8409109115600586,2.0136666297912598,1.3066601753234863,3.201970338821411,0.8222718238830566,1.0947072505950928,1.7139710187911987,1.0636968612670898,2.1502246856689453,0.9482011795043945,3.8509154319763184,0.0065098837949335575,1.110636830329895,1.1174262762069702,2.142895221710205,2.7582836151123047,3.6566991806030273,1.1805633306503296
266,0.9478209018707275,0.3933216631412506,0.4669160544872284,0.35276463627815247,4.4066972732543945,0.5244312286376953,0.5588490962982178,0.4042638838291168,0.3376346826553345,0.031519290059804916,7.341552734375,7.494513988494873,0.2715635299682617,0.5386394262313843,0.4599139094352722,4.288503170013428,4.8135271072387695,1.9915282726287842
267,0.23591573536396027,0.23975439369678497,0.32717567682266235,0.42112162709236145,1.9672203063964844,0.3987677991390228,0.3942427933216095,0.47454747557640076,0.2452271431684494,0.003859334858134389,5.09058952331543,8.216240882873535,0.3485408127307892,0.3600219190120697,0.5302608013153076,0.6340563893318176,1.2101844549179077,1.7242907285690308
268,1.7486121654510498,2.5617728233337402,2.0633950233459473,0.36152470111846924,0.5140347480773926,3.0378518104553223,2.4104411602020264,1.879961609840393,1.8335145711898804,4.3751540184021,4.26398229598999,5.235422611236572,2.368473529815674,1.464664101600647,1.6309943199157715,0.03413806110620499,0.003575481940060854,0.8402332663536072
269,0.33304402232170105,0.10786614567041397,0.5831294059753418,5.750275135040283,0.9312101602554321,0.2511531710624695,0.13726244866847992,0.3305875360965729,0.19816617667675018,4.031385898590088,8.596821784973145,7.673266887664795,0.17460188269615173,0.9507718086242676,0.6209819316864014,1.1878716945648193,0.5520619750022888,2.2655081748962402
270,0.2637538015842438,0.07141363620758057,0.3316361606121063,6.059171199798584,0.46012192964553833,0.12689433991909027,0.019087564200162888,0.3942950367927551,0.049727797508239746,1.389173984527588,0.7898817658424377,10.647491455078125,0.024602334946393967,0.8488741517066956,0.03697461262345314,0.18665598332881927,5.675184726715088,1.7494968175888062
271,0.16388121247291565,0.12169212847948074,0.1869438737630844,4.941802978515625,0.5180652141571045,0.09414159506559372,0.047817692160606384,0.23165974020957947,0.14513252675533295,0.01980178989470005,0.0017777367029339075,6.052839756011963,0.08416346460580826,0.2667938470840454,0.23837454617023468,0.050120290368795395,0.620753824710846,3.0120248794555664
272,0.4724070727825165,0.16021089255809784,0.7130629420280457,5.335647106170654,0.3294801414012909,0.09110498428344727,0.7660155296325684,0.6881496906280518,0.6714430451393127,0.00011836781777674332,7.116541382856667e-05,0.2635980248451233,0.4818827211856842,0.7384066581726074,0.23817023634910583,1.8736778497695923,4.760122776031494,1.2283233404159546
273,0.14790117740631104,0.15645979344844818,0.22244779765605927,5.595513343811035,0.38027581572532654,0.11261690407991409,0.2217138260602951,0.5275620222091675,0.20778845250606537,0.06445810198783875,0.00011324241495458409,0.001602914067916572,0.17354074120521545,0.327663391828537,0.5693055391311646,2.0291686058044434,0.062050189822912216,0.4455385208129883
274,2.3280959129333496,3.112802505493164,2.4484219551086426,0.9820281267166138,2.966644763946533,2.952768325805664,3.842270851135254,1.8826698064804077,3.137333393096924,11.128841400146484,4.982860088348389,3.138977527618408,2.539639472961426,3.6540942192077637,1.5598832368850708,5.842258930206299,0.08902877569198608,1.1291756629943848
275,0.4098305404186249,0.2196369469165802,0.6696983575820923,0.5459976196289062,2.076645612716675,0.19747179746627808,0.33481621742248535,0.7192819118499756,0.3187374472618103,0.0030734941828995943,6.995765209197998,0.0038902093656361103,0.2512218654155731,0.49142664670944214,0.32726573944091797,0.5178589820861816,0.06981495022773743,0.5927867889404297
276,0.18466587364673615,0.10301108658313751,0.8427716493606567,1.8598241806030273,1.0455689430236816,0.22118297219276428,0.2232341468334198,0.5449204444885254,0.4046766757965088,0.0396946519613266,9.057968139648438,0.008114466443657875,0.13592390716075897,0.9507718086242676,0.2849559485912323,0.06026215851306915,0.05087750777602196,0.5135281682014465
277,1.6243619918823242,3.0656118392944336,1.3133622407913208,0.8589513897895813,2.3573546409606934,2.196946859359741,1.9977749586105347,1.6943076848983765,2.4266812801361084,0.9680530428886414,2.3357465267181396,0.023555558174848557,2.795496940612793,2.264666795730591,1.491666316986084,6.7620015144348145,0.4633423686027527,0.26454630494117737
278,0.2138282060623169,0.1934502124786377,0.3251654803752899,0.17756937444210052,1.687340259552002,0.3415660560131073,0.5790238380432129,0.8051540851593018,0.2330927848815918,0.0040968069806694984,0.3704342544078827,5.790581703186035,0.19630448520183563,0.917378842830658,0.592923641204834,5.968122959136963,0.1602911353111267,3.011199474334717
279,0.26488444209098816,0.13495402038097382,0.4847274124622345,1.1865229606628418,0.5788523554801941,0.32962846755981445,0.04580031335353851,0.1673174798488617,0.08432323485612869,0.03543458506464958,1.1486060619354248,6.573997974395752,0.05005361884832382,0.9507718086242676,0.10557940602302551,0.13351276516914368,0.016357610002160072,2.50925874710083
