system_time,midpoint,spread,buys,sells,bids_distance_0,bids_distance_1,bids_distance_2,bids_distance_3,bids_distance_4,bids_distance_5,bids_distance_6,bids_distance_7,bids_distance_8,bids_distance_9,bids_distance_10,bids_distance_11,bids_distance_12,bids_distance_13,bids_distance_14,bids_notional_0,bids_notional_1,bids_notional_2,bids_notional_3,bids_notional_4,bids_notional_5,bids_notional_6,bids_notional_7,bids_notional_8,bids_notional_9,bids_notional_10,bids_notional_11,bids_notional_12,bids_notional_13,bids_notional_14,bids_cancel_notional_0,bids_cancel_notional_1,bids_cancel_notional_2,bids_cancel_notional_3,bids_cancel_notional_4,bids_cancel_notional_5,bids_cancel_notional_6,bids_cancel_notional_7,bids_cancel_notional_8,bids_cancel_notional_9,bids_cancel_notional_10,bids_cancel_notional_11,bids_cancel_notional_12,bids_cancel_notional_13,bids_cancel_notional_14,bids_limit_notional_0,bids_limit_notional_1,bids_limit_notional_2,bids_limit_notional_3,bids_limit_notional_4,bids_limit_notional_5,bids_limit_notional_6,bids_limit_notional_7,bids_limit_notional_8,bids_limit_notional_9,bids_limit_notional_10,bids_limit_notional_11,bids_limit_notional_12,bids_limit_notional_13,bids_limit_notional_14,bids_market_notional_0,bids_market_notional_1,bids_market_notional_2,bids_market_notional_3,bids_market_notional_4,bids_market_notional_5,bids_market_notional_6,bids_market_notional_7,bids_market_notional_8,bids_market_notional_9,bids_market_notional_10,bids_market_notional_11,bids_market_notional_12,bids_market_notional_13,bids_market_notional_14,asks_distance_0,asks_distance_1,asks_distance_2,asks_distance_3,asks_distance_4,asks_distance_5,asks_distance_6,asks_distance_7,asks_distance_8,asks_distance_9,asks_distance_10,asks_distance_11,asks_distance_12,asks_distance_13,asks_distance_14,asks_notional_0,asks_notional_1,asks_notional_2,asks_notional_3,asks_notional_4,asks_notional_5,asks_notional_6,asks_notional_7,asks_notional_8,asks_notional_9,asks_notional_10,asks_notional_11,asks_notional_12,asks_notional_13,asks_notional_14,asks_cancel_notional_0,asks_cancel_notional_1,asks_cancel_notional_2,asks_cancel_notional_3,asks_cancel_notional_4,asks_cancel_notional_5,asks_cancel_notional_6,asks_cancel_notional_7,asks_cancel_notional_8,asks_cancel_notional_9,asks_cancel_notional_10,asks_cancel_notional_11,asks_cancel_notional_12,asks_cancel_notional_13,asks_cancel_notional_14,asks_limit_notional_0,asks_limit_notional_1,asks_limit_notional_2,asks_limit_notional_3,asks_limit_notional_4,asks_limit_notional_5,asks_limit_notional_6,asks_limit_notional_7,asks_limit_notional_8,asks_limit_notional_9,asks_limit_notional_10,asks_limit_notional_11,asks_limit_notional_12,asks_limit_notional_13,asks_limit_notional_14,asks_market_notional_0,asks_market_notional_1,asks_market_notional_2,asks_market_notional_3,asks_market_notional_4,asks_market_notional_5,asks_market_notional_6,asks_market_notional_7,asks_market_notional_8,asks_market_notional_9,asks_market_notional_10,asks_market_notional_11,asks_market_notional_12,asks_market_notional_13,asks_market_notional_14
2021-04-11 20:05:00.115838+00:00,59692.295,0.01,521407.34444384516,669464.3109925458,-8.376290594469538e-08,-8.619202708359808e-05,-0.000102944606624078,-0.00010311213554814458,-0.00010327966447221115,-0.00010411728726467118,-0.00011366626131348312,-0.00011500647087814286,-0.00011584409367060289,-0.00011668172373902053,-0.00011802193330368027,-0.00011885956337209791,-0.00012003224401269108,-0.00013192657206673175,-0.00013644977298099548,158409.953125,18503.01953125,11879.150390625,16790.529296875,50454.23046875,168507.953125,20001.51953125,356.6000061035156,139.97000122070312,134291.984375,3251.659912109375,3249.35009765625,3249.35009765625,5000.0,134289.34375,0.0,0.0,0.0,0.0,0.0,750.0499877929688,0.0,0.0,0.0,165.97000122070312,0.0,0.0,5968.509765625,0.0,3249.300048828125,158409.953125,18503.01953125,11879.150390625,16790.529296875,50454.23046875,169470.515625,20001.51953125,356.6000061035156,139.97000122070312,134457.96875,3251.659912109375,3249.35009765625,9217.8603515625,5000.0,137538.625,0.0,0.0,0.0,0.0,0.0,212.50999450683594,0.0,0.0,0.0,0.0,0.0,0.0,0.0,0.0,0.0,8.376290594469538e-08,4.76610912301112e-05,7.22873883205466e-05,7.949099381221458e-05,7.965852273628116e-05,0.00012941368913743645,0.0001511920418124646,0.00015387246094178408,0.00016459410835523158,0.00018419462139718235,0.00018436215759720653,0.00019173328473698348,0.00019994204922113568,0.00021334411576390266,0.00022540598001796752,85056.4609375,2286.320068359375,139.72000122070312,976.739990234375,12403.5302734375,496.3800048828125,919.4000244140625,20007.869140625,919.4099731445312,919.4299926757812,2388.1298828125,8096.77978515625,802.4400024414062,20008.060546875,532.1799926757812,711724.625,0.0,0.0,0.0,15447.5,0.0,0.0,8096.47998046875,0.0,0.0,0.0,0.0,0.0,0.0,0.0,808534.5625,2286.320068359375,139.72000122070312,976.739990234375,38634.98046875,496.3800048828125,919.4000244140625,28104.349609375,919.4099731445312,919.4299926757812,2388.1298828125,8096.77978515625,802.4400024414062,20008.060546875,532.1799926757812,11753.4599609375,0.0,0.0,0.0,10783.9501953125,0.0,0.0,0.0,0.0,0.0,0.0,0.0,0.0,0.0,0.0
2021-04-11 20:10:00.115838+00:00,59684.155,0.01,234457.02855502398,368417.21485326026,-8.37743314718864e-08,-2.7394205972086638e-05,-7.816145080141723e-05,-7.832899427739903e-05,-8.921966218622401e-05,-9.692689491203055e-05,-0.00010765001206891611,-0.00010781756282085553,-0.00015372589405160397,-0.00019108924607280642,-0.00020466068235691637,-0.0002093520452035591,-0.00024654786102473736,-0.0002467153826728463,-0.0002926237357314676,624.25,16468.73046875,94553.296875,20002.029296875,469810.71875,10820.8798828125,16728.3203125,134871.65625,134865.453125,20000.0,11876.3203125,5000.0,3515.909912109375,19999.490234375,2983.330078125,0.0,0.0,0.0,0.0,0.0,0.0,0.0,0.0,146899.875,0.0,0.0,0.0,0.0,0.0,0.0,624.25,16468.73046875,94553.296875,20002.029296875,469810.71875,10820.8798828125,16728.3203125,134871.65625,281765.34375,20000.0,11876.3203125,5000.0,3515.909912109375,19999.490234375,2983.330078125,0.0,0.0,0.0,0.0,0.0,0.0,0.0,0.0,0.0,0.0,0.0,0.0,0.0,0.0,0.0,8.37743314718864e-08,8.637133578304201e-05,8.653887925902382e-05,8.670643001096323e-05,8.704152423888445e-05,8.77117199706845e-05,0.0001073149178409949,0.0001187082234537229,0.00013646838488057256,0.00013797631254419684,0.00013814386329613626,0.00014652129902970046,0.00014668884978163987,0.0001540609955554828,0.00017869063594844192,430.2300109863281,562.6799926757812,27457.08984375,1137.510009765625,5953.5400390625,43596.9609375,625.4199829101562,226.8800048828125,2391.739990234375,1790.77001953125,20006.140625,3608.43994140625,1538.489990234375,919.280029296875,919.2999877929688,0.0,27325.359375,0.0,0.0,0.0,140900.25,0.0,0.0,1461502.0,0.0,0.0,0.0,34516.80859375,0.0,0.0,430.2300109863281,28182.240234375,27457.08984375,1137.510009765625,5968.93994140625,185457.203125,625.4199829101562,226.8800048828125,1401774.125,1790.77001953125,20006.140625,3608.43994140625,36055.30078125,919.280029296875,919.2999877929688,0.0,294.20001220703125,0.0,0.0,15.390000343322754,960.0,0.0,0.0,22936.76953125,0.0,0.0,0.0,0.0,0.0,0.0
2021-04-11 20:15:00.115838+00:00,59631.26,4.36,685598.7040164428,719482.2348024921,-3.655800537671894e-05,-4.7793724661460146e-05,-5.299233816913329e-05,-6.38926649116911e-05,-6.40603611827828e-05,-7.747614290565252e-05,-7.764383917674422e-05,-8.032699406612664e-05,-9.776751539902762e-05,-0.00014824439131189138,-0.00014857978385407478,-0.0002030814066529274,-0.00022236659424379468,-0.00022672672639600933,-0.0002468503953423351,18485.009765625,5962.83984375,11923.990234375,11867.4697265625,101547.0625,109549.9375,356.42999267578125,20001.25,17525.689453125,19999.189453125,5000.0,5104.85009765625,1788.5400390625,17272.55078125,2384.659912109375,0.0,5849.259765625,3618.3701171875,1560.1400146484375,1809.1700439453125,0.0,0.0,0.0,0.0,0.0,0.0,0.0,0.0,0.0,0.0,18485.009765625,11812.099609375,15542.3603515625,13427.6103515625,103356.21875,109549.9375,356.42999267578125,20001.25,17525.689453125,19999.189453125,5000.0,5104.85009765625,1788.5400390625,17272.55078125,2384.659912109375,0.0,0.0,0.0,0.0,0.0,0.0,0.0,0.0,0.0,0.0,0.0,0.0,0.0,0.0,0.0,3.655800537671894e-05,3.6725705285789445e-05,7.428989192703739e-05,0.00011420184455346316,0.00015763544070068747,0.0001712189259706065,0.00017373438458889723,0.00018497009295970201,0.00018530548550188541,0.0001905041135614738,0.00023058375518303365,0.00023662086459808052,0.0002485273580532521,0.00025171361630782485,0.0002896132064051926,1536.77001953125,32671.419921875,2981.780029296875,1055.3399658203125,918.469970703125,918.47998046875,2517.97998046875,2517.760009765625,1521.300048828125,918.5,1789.3499755859375,1380.8299560546875,925.780029296875,5000.0,24992.73046875,0.0,178387.046875,0.0,0.0,0.0,0.0,0.0,0.0,0.0,0.0,0.0,0.0,0.0,0.0,0.0,1809.3499755859375,213809.015625,2981.780029296875,1055.3399658203125,918.469970703125,918.47998046875,2517.97998046875,2517.760009765625,1521.300048828125,918.5,1789.3499755859375,1380.8299560546875,925.780029296875,5000.0,24992.73046875,272.5799865722656,2750.550048828125,0.0,0.0,0.0,0.0,0.0,0.0,0.0,0.0,0.0,0.0,0.0,0.0,0.0
2021-04-11 20:20:00.115838+00:00,59715.015,0.01,679832.7950057719,1460507.450317489,-8.373103810299654e-08,-4.94013102070312e-06,-1.3480696907208767e-05,-1.3648158528667409e-05,-1.6997400962281972e-05,-2.419826887489762e-05,-2.570542710600421e-05,-2.72125871561002e-05,-4.0609553252579644e-05,-4.814534622710198e-05,-6.606378883589059e-05,-6.623124500038102e-05,-7.493927842006087e-05,-9.989112732000649e-05,-0.0001030729035846889,124452.2890625,35828.828125,3380.8798828125,919.5999755859375,238856.0,20002.51953125,32752.83984375,919.5900268554688,919.5700073242188,30453.189453125,11884.1103515625,20299.1796875,130207.09375,88100.703125,22092.279296875,553578.75,0.0,0.0,0.0,0.0,0.0,0.0,32281.060546875,0.0,0.0,0.0,0.0,160842.4375,0.0,0.0,681501.25,35828.828125,3380.8798828125,919.5999755859375,238856.0,20002.51953125,32752.83984375,33200.640625,919.5700073242188,30453.189453125,11884.1103515625,20299.1796875,294324.21875,88100.703125,22092.279296875,3470.199951171875,0.0,0.0,0.0,0.0,0.0,0.0,0.0,0.0,0.0,0.0,0.0,3274.669921875,0.0,0.0,8.373103810299654e-08,1.9341869119671173e-05,9.520218736724928e-05,0.0001030729035846889,0.00012501043966040015,0.00015063212777022272,0.0001672108774073422,0.00016737834084779024,0.0001971865858649835,0.00023737747687846422,0.00024089418002404273,0.0002460855175741017,0.00024792758631519973,0.00025931501295417547,0.00026031979359686375,7246.93017578125,496.7300109863281,385.79998779296875,166.02000427246094,623.1099853515625,82.06999969482422,9.109999656677246,11417.0703125,9.069999694824219,636.5,125.43000030517578,302.8299865722656,664.1699829101562,7.550000190734863,802.5700073242188,7027.39990234375,0.0,2388.830078125,0.0,0.0,18096.380859375,220521.625,34535.37109375,0.0,0.0,85220.359375,0.0,0.0,4699.0400390625,0.0,35694.19140625,496.7300109863281,2388.830078125,0.0,623.1099853515625,18096.380859375,220530.734375,34535.37109375,9.069999694824219,0.0,85220.359375,0.0,664.1699829101562,4699.0400390625,0.0,21419.859375,0.0,0.0,0.0,0.0,0.0,0.0,0.0,0.0,0.0,0.0,0.0,0.0,0.0,0.0
2021-04-11 20:25:00.115838+00:00,59720.205,0.01,466961.7528823451,341429.2847200007,-8.3723755039955e-08,-1.3814420526614413e-05,-1.8168055248679593e-05,-2.6875326511799358e-05,-2.7377669539419003e-05,-4.0773469663690776e-05,-0.00010641289554769173,-0.00011729698599083349,-0.00011746443487936631,-0.00011813422315753996,-0.0001323672622675076,-0.0001516237243777141,-0.0002006858412642032,-0.0002199423179263249,-0.00023953367781359702,209905.078125,919.6799926757812,20001.279296875,1791.56005859375,919.6699829101562,919.6500244140625,3582.830078125,5152.7998046875,16519.919921875,21988.580078125,5000.0,557.530029296875,19999.560546875,2985.35009765625,11883.080078125,2347447.75,5000.0,27333.439453125,0.0,0.0,0.0,0.0,0.0,0.0,0.0,0.0,195941.96875,18509.55078125,0.0,0.0,2562589.5,5919.68017578125,47334.71875,1791.56005859375,919.6699829101562,919.6500244140625,3582.830078125,5152.7998046875,16519.919921875,21988.580078125,5000.0,199210.6875,38509.1015625,2985.35009765625,11883.080078125,5236.759765625,0.0,0.0,0.0,0.0,0.0,0.0,0.0,0.0,0.0,0.0,2711.18994140625,0.0,0.0,0.0,8.3723755039955e-08,7.794681732775643e-05,8.029108721530065e-05,8.045852882787585e-05,9.653349115978926e-05,0.00010423608182463795,0.0001367209042655304,0.00015061904559843242,0.00015078649448696524,0.00015899141726549715,0.00017724320059642196,0.00018075959815178066,0.00021960742014925927,0.000248575845034793,0.0002552737423684448,24812.9296875,116.0999984741211,298.6199951171875,7422.2001953125,11943.5595703125,2641.77001953125,3610.580078125,11887.7197265625,5972.919921875,1378.27001953125,2363.2099609375,211.66000366210938,20006.009765625,356.760009765625,2587.530029296875,332272.84375,0.0,0.0,479860.65625,0.0,287765.65625,2389.1298828125,0.0,0.0,0.0,0.0,327884.875,0.0,0.0,0.0,374015.46875,116.0999984741211,298.6199951171875,491552.71875,11943.5595703125,293088.25,5999.7099609375,11887.7197265625,5972.919921875,1378.27001953125,2363.2099609375,328343.3125,20006.009765625,356.760009765625,2587.530029296875,16929.69921875,0.0,0.0,4269.83984375,0.0,2680.820068359375,0.0,0.0,0.0,0.0,0.0,246.75999450683594,0.0,0.0,0.0
2021-04-11 20:30:00.115838+00:00,59721.134999999995,0.01,304844.6302854931,1091690.7566619746,-8.372245474674855e-08,-1.6995658370433375e-05,-0.00011829983122879639,-0.00012985352077521384,-0.0001303558674408123,-0.0001377234439132735,-0.00015111903485376388,-0.00016970541037153453,-0.0001849428954301402,-0.0002701723715290427,-0.0002767027181107551,-0.0002986379840876907,-0.00031839648727327585,-0.0003532250411808491,-0.0003538948076311499,23715.640625,19999.9609375,19999.849609375,1000.0,1791.4000244140625,3582.77001953125,5971.2099609375,501.57000732421875,35091.328125,2302.5400390625,16307.6298828125,29571.0390625,29993.76953125,74112.0703125,4972.8701171875,93891.453125,0.0,0.0,0.0,0.0,0.0,0.0,0.0,49852.75,0.0,0.0,0.0,0.0,0.0,59700.0,121492.3671875,19999.9609375,19999.849609375,1000.0,1791.4000244140625,3582.77001953125,5971.2099609375,501.57000732421875,89157.3515625,2302.5400390625,16307.6298828125,29571.0390625,29993.76953125,74112.0703125,64672.87109375,3885.2900390625,0.0,0.0,0.0,0.0,0.0,0.0,0.0,4213.27001953125,0.0,0.0,0.0,0.0,0.0,0.0,8.372245474674855e-08,2.5116736424024566e-07,1.3646759725816082e-05,2.7042353394790553e-05,4.244728552293964e-05,6.237322668312117e-05,6.471746019087732e-05,8.866207645041868e-05,0.00010172278416575864,0.0001203091669594869,0.00013186286378186196,0.0001321977615589276,0.00013470942212734371,0.00014341656060423702,0.0001465980167267844,427389.03125,5146.68994140625,919.719970703125,919.72998046875,919.739990234375,116.0999984741211,1886.5799560546875,1394.6800537109375,496.7699890136719,94.87999725341797,16282.740234375,496.489990234375,94.83999633789062,1378.27001953125,6319.7900390625,513799.375,308495.0625,0.0,0.0,0.0,20903.69921875,94.87999725341797,3636.14990234375,0.0,20009.2890625,0.0,0.0,0.0,53918.0,0.0,962070.875,314188.75,919.719970703125,919.72998046875,919.739990234375,20903.69921875,1682.8399658203125,2389.06005859375,496.7699890136719,20104.1796875,16282.740234375,496.489990234375,94.83999633789062,53918.0,6319.7900390625,20882.439453125,547.0,0.0,0.0,0.0,0.0,0.0,0.0,0.0,0.0,0.0,0.0,0.0,0.0,0.0
2021-04-11 20:35:00.115838+00:00,59661.365000000005,0.01,368495.03893892973,382944.46756148123,-8.380632721127768e-08,-2.9080796593916602e-05,-3.4444401535438374e-05,-7.634756912011653e-05,-9.696392226032913e-05,-0.000137526192702353,-0.00014020799426361918,-0.00015579596220050007,-0.00017909413145389408,-0.00019049178808927536,-0.00022770179202780128,-0.00024077558191493154,-0.0002483181597199291,-0.00027379527455195785,-0.0002739628835115582,58880.48046875,59659.62890625,164.58999633789062,22536.169921875,1000.0,918.6599731445312,918.6599731445312,918.6400146484375,19999.859375,772.3900146484375,1789.4300537109375,4521.669921875,3051.429931640625,5152.64990234375,6997.3798828125,3623816.75,0.0,0.0,0.0,0.0,0.0,0.0,0.0,0.0,15163.0302734375,0.0,0.0,0.0,0.0,0.0,3709811.25,59659.62890625,164.58999633789062,22536.169921875,1000.0,918.6599731445312,918.6599731445312,918.6400146484375,19999.859375,474.1400146484375,1789.4300537109375,4521.669921875,3051.429931640625,5152.64990234375,6997.3798828125,27114.0390625,0.0,0.0,0.0,0.0,0.0,0.0,0.0,0.0,0.0,0.0,0.0,0.0,0.0,0.0,8.380632721127768e-08,3.4360593872406753e-06,1.0978628779412247e-05,1.2151917871960904e-05,3.4444401535438374e-05,3.461201413301751e-05,3.477962673059665e-05,3.511485192575492e-05,6.729648157488555e-05,9.579063771525398e-05,9.914288966683671e-05,0.00010685306915547699,0.0001531141606392339,0.00015395221998915076,0.0001655175001360476,444073.90625,5000.0,11930.76953125,2386.47998046875,34556.58984375,11874.6298828125,94957.5,101018.65625,107083.21875,16478.91015625,59667.28125,714.97998046875,24942.26953125,27979.51953125,139.72000122070312,438678.1875,0.0,0.0,0.0,0.0,0.0,0.0,0.0,0.0,679183.9375,0.0,1112240.375,0.0,0.0,53924.8984375,907463.125,5000.0,11930.76953125,2386.47998046875,34556.58984375,11874.6298828125,94957.5,101018.65625,107083.21875,699432.8125,59667.28125,1124565.25,24942.26953125,27979.51953125,54064.62109375,24711.0703125,0.0,0.0,0.0,0.0,0.0,0.0,0.0,0.0,3769.989990234375,0.0,11609.8203125,0.0,0.0,0.0
2021-04-11 20:40:00.115838+00:00,59600.005000000005,0.01,184992.69586824992,636085.4694101125,-8.389260841568102e-08,-5.788589987787418e-06,-1.6862415577634238e-05,-9.555368160363287e-05,-9.622482320992276e-05,-0.00011820469080703333,-0.00016786911874078214,-0.00016904360381886363,-0.00017290266987401992,-0.00020142615539953113,-0.00020545300503727049,-0.0002442113764118403,-0.0002895134093705565,-0.0002898489765357226,-0.00031132547883316875,4904.93017578125,482.760009765625,653.1500244140625,1397.530029296875,655.5399780273438,537.22998046875,595.9000244140625,189.41000366210938,349.7900085449219,81.62999725341797,208.97999572753906,1194.68994140625,5114.93994140625,297.9100036621094,1139.050048828125,240595.484375,3164.10009765625,3119.72998046875,0.0,5000.0,62995.71875,30122.740234375,22980.490234375,0.0,5958.7998046875,595.8800048828125,31174.759765625,0.0,0.0,0.0,242314.296875,3646.860107421875,3119.72998046875,1397.530029296875,5655.5400390625,63532.94921875,30718.640625,23169.900390625,349.7900085449219,6040.43017578125,804.8599853515625,31174.759765625,5114.93994140625,297.9100036621094,1139.050048828125,21648.970703125,0.0,0.0,0.0,0.0,0.0,0.0,0.0,0.0,0.0,0.0,0.0,0.0,0.0,0.0,8.389260841568102e-08,5.872482802260492e-07,7.55033511268266e-07,9.228187423104828e-07,1.4513421774609014e-05,2.8104024750064127e-05,6.484898767666891e-05,8.397650526603684e-05,0.00012743288243655115,0.00014672816905658692,0.00014739931793883443,0.000173070453456603,0.00017726508667692542,0.00021971474052406847,0.00022541944053955376,319082.71875,32106.220703125,1788.0,155498.15625,917.8499755859375,917.8699951171875,30743.6796875,272592.28125,249177.828125,113532.046875,326792.9375,17412.169921875,30401.390625,2384.52001953125,8942.01953125,0.0,0.0,1728.3900146484375,91937.8515625,0.0,0.0,0.0,187860.84375,142516.765625,0.0,2787583.25,0.0,0.0,0.0,0.0,319561.09375,32106.220703125,3516.389892578125,247436.015625,917.8499755859375,917.8699951171875,30743.6796875,460453.125,392853.96875,113532.046875,3150017.25,17412.169921875,30401.390625,2384.52001953125,8942.01953125,478.3800048828125,0.0,0.0,0.0,0.0,0.0,0.0,0.0,1159.3699951171875,0.0,35640.8515625,0.0,0.0,0.0,0.0
2021-04-11 20:45:00.115838+00:00,59585.28,2.3,531064.2872583611,311332.02955930604,-1.930006874317769e-05,-1.9467895981506445e-05,-2.148181556549389e-05,-3.0376630093087442e-05,-5.92428186791949e-05,-8.861249079927802e-05,-9.381511335959658e-05,-9.952122491085902e-05,-0.00011294736032141373,-0.00012654131569433957,-0.0001409744145348668,-0.00017823194502852857,-0.00021347554866224527,-0.00021364337590057403,-0.0002780888171400875,4242.52978515625,92887.78125,4262.93994140625,20000.310546875,99.52999877929688,297.8999938964844,19996.48046875,917.52001953125,917.510009765625,917.5,23.389999389648438,19996.349609375,5095.89990234375,1787.1800537109375,8142.60009765625,29119.439453125,5425111.0,0.0,0.0,37.310001373291016,18469.80078125,0.0,0.0,0.0,0.0,0.0,0.0,0.0,0.0,0.0,33361.96875,5549075.5,4262.93994140625,20000.310546875,136.83999633789062,18767.69921875,19996.48046875,917.52001953125,917.510009765625,917.5,23.389999389648438,19996.349609375,5095.89990234375,1787.1800537109375,8142.60009765625,0.0,31076.990234375,0.0,0.0,0.0,0.0,0.0,0.0,0.0,0.0,0.0,0.0,0.0,0.0,0.0,1.930006874317769e-05,1.9635721400845796e-05,2.1313988327165134e-05,2.148181556549389e-05,2.685226900212001e-05,9.096206485992298e-05,9.112989209825173e-05,9.129771933658049e-05,9.196902101393789e-05,0.00010640211985446513,0.00012855524255428463,0.00016916930326260626,0.0001817563024815172,0.00022522341168951243,0.0002470408799126744,2383.4599609375,18280.419921875,3962.31005859375,138201.046875,11915.75,111179.25,11860.150390625,114621.703125,5000.0,233696.828125,21644.16015625,30900.189453125,3602.580078125,20005.419921875,1788.0,0.0,0.0,0.0,46787.328125,0.0,0.0,0.0,0.0,0.0,28452.599609375,4903.4599609375,0.0,0.0,0.0,2384.0,2383.4599609375,18471.80078125,3962.31005859375,187411.625,11915.75,111179.25,11860.150390625,114621.703125,5000.0,262149.4375,26644.16015625,30900.189453125,3602.580078125,20005.419921875,4172.0,0.0,191.3800048828125,0.0,2423.22998046875,0.0,0.0,0.0,0.0,0.0,0.0,96.54000091552734,0.0,0.0,0.0,0.0
2021-04-11 20:50:00.115838+00:00,59497.085,0.01,733515.6780653669,1449509.3007887772,-8.403772966403267e-08,-1.638735739106778e-05,-1.8236187315778807e-05,-9.655934991315007e-05,-9.672742453403771e-05,-0.00013891437265556306,-0.00016311723447870463,-0.0001659745175857097,-0.00018950508092530072,-0.0001933708117576316,-0.00020311919797677547,-0.00021471640502568334,-0.00021522062888834625,-0.00022076712048146874,-0.000221103269723244,1066.530029296875,5319.6298828125,496.5799865722656,4339.35986328125,20000.509765625,916.1300048828125,916.1099853515625,916.0999755859375,5975.43994140625,10168.41015625,1189.699951171875,5000.0,71410.4921875,19996.9296875,17438.9609375,1778.449951171875,19813.919921875,0.0,0.0,570.0900268554688,0.0,0.0,0.0,0.0,0.0,0.0,0.0,5690.1298828125,0.0,0.0,2844.97998046875,25133.5390625,496.5799865722656,4339.35986328125,20570.599609375,916.1300048828125,916.1099853515625,916.0999755859375,5975.43994140625,10168.41015625,1189.699951171875,5000.0,77831.53125,19996.9296875,17438.9609375,0.0,0.0,0.0,0.0,0.0,0.0,0.0,0.0,0.0,0.0,0.0,0.0,730.9199829101562,0.0,0.0,8.403772966403267e-08,0.00013824205962009728,0.00015353693743236363,0.00015370501205325127,0.00015420923591591418,0.00015437731053680182,0.0001547134597785771,0.0001582430413691327,0.0001873200963018462,0.00018748817092273384,0.00019135391630697995,0.0001980769302463159,0.00021807791199535131,0.0002466507430654019,0.0002799296926241368,760.969970703125,18446.650390625,11843.33984375,2975.31005859375,140434.765625,266816.28125,11899.6298828125,1785.18994140625,20006.189453125,8926.240234375,32146.48046875,5000.0,2380.39990234375,5080.06005859375,3597.610107421875,140413.125,0.0,0.0,0.0,0.0,655555.1875,0.0,0.0,0.0,0.0,0.0,0.0,0.0,0.0,0.0,141174.09375,18446.650390625,11843.33984375,2975.31005859375,140434.765625,946304.4375,11899.6298828125,1785.18994140625,20006.189453125,8926.240234375,32146.48046875,5000.0,2380.39990234375,5080.06005859375,3597.610107421875,0.0,0.0,0.0,0.0,0.0,23932.939453125,0.0,0.0,0.0,0.0,0.0,0.0,0.0,0.0,0.0
2021-04-11 20:55:00.115838+00:00,59552.274999999994,0.01,2373181.940064779,429787.9376220366,-8.3959847074766e-08,-3.8201731513254344e-05,-4.088844798388891e-05,-4.978819197276607e-05,-4.9956110160565004e-05,-5.079570837551728e-05,-5.096362656331621e-05,-6.42292870907113e-05,-7.783078035572544e-05,-0.00012199366028653458,-0.00014483074482996017,-0.0001449986593797803,-0.0001584322308190167,-0.0001713620440568775,-0.00017841467342805117,24475.080078125,3573.0,917.0700073242188,31753.330078125,24951.16015625,139940.734375,89.31999969482422,917.0499877929688,917.030029296875,1786.3499755859375,11850.7900390625,20004.76953125,3572.570068359375,5000.0,5954.169921875,227522.3125,0.0,0.0,0.0,0.0,4942.58984375,0.0,0.0,0.0,0.0,0.0,0.0,0.0,0.0,0.0,251997.390625,3573.0,917.0700073242188,31753.330078125,24951.16015625,144883.328125,89.31999969482422,917.0499877929688,917.030029296875,1786.3499755859375,11850.7900390625,20004.76953125,3572.570068359375,5000.0,5954.169921875,0.0,0.0,0.0,0.0,0.0,0.0,0.0,0.0,0.0,0.0,0.0,0.0,0.0,0.0,0.0,8.3959847074766e-08,7.010647095739841e-05,7.09460728103295e-05,7.161775283748284e-05,7.178566738730296e-05,0.0001258558186236769,0.000192855775821954,0.0001936953776748851,0.0001957104104803875,0.00019587832503020763,0.00019604623958002776,0.00020007631974294782,0.00024155247956514359,0.00024323168327100575,0.00026438955683261156,59.439998626708984,3616.860107421875,1828.1199951171875,118.68000030517578,23721.970703125,20010.189453125,4943.7900390625,20010.689453125,5015.009765625,12614.830078125,426.2900085449219,139.8699951171875,2978.330078125,7825.990234375,4944.14990234375,288.510009765625,0.0,955.9099731445312,13561.76953125,0.0,0.0,0.0,0.0,0.0,69381.2578125,18464.8203125,0.0,0.0,0.0,2382.719970703125,420.0299987792969,3616.860107421875,10458.4404296875,13680.4501953125,23721.970703125,20010.189453125,4943.7900390625,20010.689453125,5015.009765625,91978.9765625,18891.109375,139.8699951171875,2978.330078125,7825.990234375,7326.8701171875,72.08000183105469,0.0,7674.41015625,0.0,0.0,0.0,0.0,0.0,0.0,9982.8896484375,0.0,0.0,0.0,0.0,0.0
2021-04-11 21:00:00.115838+00:00,59679.665,0.01,449345.5504146304,203171.37289414473,-8.378063398595259e-08,-2.429638243484078e-06,-1.3656243027071469e-05,-2.706114355532918e-05,-4.78387410112191e-05,-8.403196989092976e-05,-8.41995351947844e-05,-8.838856592774391e-05,-9.123711060965434e-05,-0.0001081607915693894,-0.00012860326387453824,-0.00014519183605443686,-0.000155077941599302,-0.0001619479589862749,-0.00017920676327776164,1013.75,8951.9296875,1191.1400146484375,919.0399780273438,919.02001953125,5076.080078125,5000.0,20004.69921875,111293.546875,8950.98046875,11932.76953125,3580.260009765625,24464.869140625,29841.80078125,20003.080078125,136611.5625,0.0,0.0,0.0,0.0,0.0,0.0,0.0,8951.1298828125,0.0,0.0,0.0,0.0,0.0,0.0,138815.671875,8951.9296875,1191.1400146484375,919.0399780273438,919.02001953125,5076.080078125,5000.0,20004.69921875,120244.6796875,8950.98046875,11932.76953125,3580.260009765625,24464.869140625,29841.80078125,20003.080078125,1190.3499755859375,0.0,0.0,0.0,0.0,0.0,0.0,0.0,0.0,0.0,0.0,0.0,0.0,0.0,0.0,8.378063398595259e-08,3.1082614441402256e-05,3.242310413043015e-05,6.325437425402924e-05,6.342193955788389e-05,6.526511424453929e-05,7.68268364481628e-05,8.905881259124726e-05,9.995029540732503e-05,0.00011201470624655485,0.00012508447980508208,0.00012726278509944677,0.00013094911992084235,0.00015608331887051463,0.00015658600023016334,30940.94921875,876.1900024414062,289.1600036621094,5968.33984375,919.1300048828125,5726.66015625,919.1400146484375,601.7100219726562,2086.679931640625,1043.2900390625,20008.970703125,643.4299926757812,65.5,16464.830078125,65.5199966430664,106316.2265625,18501.26953125,0.0,0.0,0.0,0.0,0.0,0.0,0.0,0.0,0.0,0.0,0.0,0.0,1790.6700439453125,137600.546875,19377.4609375,289.1600036621094,5968.33984375,919.1300048828125,5726.66015625,919.1400146484375,601.7100219726562,2086.679931640625,1043.2900390625,20008.970703125,643.4299926757812,65.5,16464.830078125,1856.18994140625,343.3699951171875,0.0,0.0,0.0,0.0,0.0,0.0,0.0,0.0,0.0,0.0,0.0,0.0,0.0,0.0
2021-04-11 21:05:00.115838+00:00,59584.705,0.01,581875.1933497653,545394.586621213,-8.391415207142927e-08,-0.00012159160542069003,-0.0001241090358234942,-0.00014324145740829408,-0.00015314332267735153,-0.00021137975272722542,-0.00024175667203962803,-0.00024679151829332113,-0.00028186762938275933,-0.0002897555532399565,-0.0002946225868072361,-0.00029479042859748006,-0.00032902738894335926,-0.0003421180008444935,-0.0004080745275132358,495.9800109863281,11913.8603515625,228.0,71981.7109375,20003.689453125,138803.015625,20001.30078125,10126.900390625,3060.7099609375,11855.51953125,203.35000610351562,2599.889892578125,20000.169921875,17629.4609375,5000.0,1532560.75,0.0,0.0,11913.6103515625,0.0,2605.429931640625,0.0,0.0,0.0,0.0,303330.59375,29592.9609375,0.0,29126.94921875,0.0,1533878.625,11913.8603515625,228.0,83895.3203125,20003.689453125,141408.4375,20001.30078125,10126.900390625,3060.7099609375,11855.51953125,303533.9375,32192.83984375,20000.169921875,46756.41015625,5000.0,821.9099731445312,0.0,0.0,0.0,0.0,0.0,0.0,0.0,0.0,0.0,0.0,0.0,0.0,0.0,0.0,8.391415207142927e-08,1.0908839840340079e-06,2.769166940197465e-06,4.111793259653496e-06,1.9551996956579387e-05,2.492250314389821e-05,2.509033220121637e-05,3.834876770270057e-05,3.8516594941029325e-05,4.053053635288961e-05,6.285170093178749e-05,6.922917236806825e-05,8.534068911103532e-05,9.272513852920383e-05,9.306079300586134e-05,233479.546875,3077.090087890625,18471.310546875,5000.0,8937.8798828125,116199.7890625,917.6300048828125,114180.3984375,1513.3499755859375,917.6400146484375,3602.1201171875,20008.140625,139.91000366210938,356.42999267578125,585.0800170898438,166906.65625,0.0,0.0,0.0,0.0,0.0,93970.2265625,18471.970703125,0.0,0.0,0.0,0.0,225.3699951171875,917.6900024414062,4945.990234375,423068.28125,3077.090087890625,18471.310546875,5000.0,8937.8798828125,116199.7890625,94887.859375,132652.359375,1513.3499755859375,917.6400146484375,3602.1201171875,20008.140625,365.2799987792969,1274.1199951171875,5531.06982421875,22682.0703125,0.0,0.0,0.0,0.0,0.0,0.0,0.0,0.0,0.0,0.0,0.0,0.0,0.0,0.0
2021-04-11 21:10:00.115838+00:00,59514.975000000006,0.01,550528.5218076012,275753.4852204863,-8.40124698697764e-08,-4.125012128497474e-05,-6.44375613774173e-05,-0.00014760991325601935,-0.00014777792966924608,-0.00018138291488867253,-0.00018222304061055183,-0.00018440737039782107,-0.00018810392066370696,-0.00023615904501639307,-0.000251617340836674,-0.0002521214191801846,-0.0002791734295897186,-0.0002833740727510303,-0.00028522234060801566,1661.93994140625,5951.25,11900.599609375,11843.330078125,24554.4296875,4938.85009765625,5000.0,17411.6796875,297.5199890136719,20004.5390625,60433.30078125,100.0,916.27001953125,916.27001953125,1189.9599609375,0.0,0.0,0.0,0.0,139.8000030517578,0.0,0.0,0.0,0.0,0.0,25037.599609375,0.0,0.0,0.0,0.0,1661.93994140625,5951.25,11900.599609375,11843.330078125,24694.23046875,4938.85009765625,5000.0,17411.6796875,297.5199890136719,20004.5390625,25323.169921875,100.0,916.27001953125,916.27001953125,1189.9599609375,0.0,0.0,0.0,0.0,0.0,0.0,0.0,0.0,0.0,0.0,0.0,0.0,0.0,0.0,0.0,8.40124698697764e-08,7.561122288279876e-07,9.241371685675404e-07,3.6041350540472195e-05,3.620937422965653e-05,5.788459020550363e-05,5.872471592738293e-05,9.720242815092206e-05,0.00010022687638411298,0.00011702936899382621,0.00011786949471570551,0.00014004878175910562,0.00014021681272424757,0.0001578594237798825,0.0001711334043648094,28984.310546875,19044.810546875,260981.140625,8477.66015625,8927.5703125,4940.02978515625,59518.46875,2380.830078125,301.5400085449219,4940.31982421875,1023.5399780273438,3598.179931640625,4955.72021484375,1785.72998046875,17857.55078125,185666.15625,8483.8095703125,2542532.0,0.0,2286.2099609375,0.0,0.0,0.0,0.0,0.0,0.0,0.0,35666.28125,0.0,2381.010009765625,216085.203125,27528.609375,2807121.5,8477.66015625,11213.7802734375,4940.02978515625,59518.46875,2380.830078125,301.5400085449219,4940.31982421875,1023.5399780273438,3598.179931640625,40622.0,1785.72998046875,20238.55078125,1434.739990234375,0.0,3608.429931640625,0.0,0.0,0.0,0.0,0.0,0.0,0.0,0.0,0.0,0.0,0.0,0.0
2021-04-11 21:15:00.115838+00:00,59598.354999999996,0.01,754095.2278501174,327293.4562398741,-8.389493189042696e-08,-1.0906341003646958e-06,-0.0002323050721315667,-0.00032609960180707276,-0.0003373415383975953,-0.0003378448891453445,-0.00043566638487391174,-0.0004358341684564948,-0.0004361697647254914,-0.0004578146617859602,-0.0004630161274690181,-0.00047207679017446935,-0.00048130523646250367,-0.00048734567826613784,-0.0005302998470142484,9676.1796875,9302.8701171875,7792.3701171875,1966.0999755859375,11857.669921875,5000.0,16300.9697265625,5957.240234375,5024.39013671875,20003.23046875,97.93000030517578,3574.2099609375,4944.27978515625,1787.0799560546875,8935.009765625,297.989990234375,496.25,0.0,0.0,0.0,0.0,0.0,0.0,3574.340087890625,0.0,162060.125,0.0,0.0,0.0,0.0,25214.369140625,11125.7099609375,7792.3701171875,1966.0999755859375,11857.669921875,5000.0,16300.9697265625,5957.240234375,8598.73046875,20003.23046875,162158.0625,3574.2099609375,4944.27978515625,1787.0799560546875,8935.009765625,15240.1904296875,1326.5899658203125,0.0,0.0,0.0,0.0,0.0,0.0,0.0,0.0,0.0,0.0,0.0,0.0,0.0,8.389493189042696e-08,1.4262138847698225e-06,2.2651631752523826e-06,4.278641426935792e-06,1.8205200831289403e-05,2.122541809512768e-05,6.233393651200458e-05,7.307248597498983e-05,7.961629307828844e-05,0.00014757119060959667,0.00014773897419217974,0.00014975244994275272,0.00015998764138203114,0.00017592767835594714,0.00019790814258158207,406206.5,29918.419921875,20010.25,8939.7900390625,521.6799926757812,20011.939453125,5000.0,596.030029296875,2086.8701171875,16959.640625,167686.125,25064.859375,4575.10986328125,86.69000244140625,85.16999816894531,59463.46875,0.0,0.0,0.0,0.0,0.0,0.0,2384.110107421875,0.0,0.0,868579.1875,2384.2900390625,455351.4375,0.0,275523.09375,474392.9375,29918.419921875,20010.25,8939.7900390625,521.6799926757812,20011.939453125,5000.0,2980.139892578125,2086.8701171875,16959.640625,1048496.75,27449.150390625,461486.875,86.69000244140625,278619.46875,8722.98046875,0.0,0.0,0.0,0.0,0.0,0.0,0.0,0.0,0.0,12231.3896484375,0.0,1560.3299560546875,0.0,3011.2099609375
2021-04-11 21:20:00.115838+00:00,59567.235,0.19,255137.61097546484,232602.16457884538,-1.5948364762152778e-06,-1.4689283489133231e-05,-8.100090781226754e-05,-0.00010198559903074056,-0.0001103794711525552,-0.00012129150854889303,-0.00012145938671892509,-0.00012162726488895714,-0.00013086052786093205,-0.00017836986808106303,-0.0001887782709673047,-0.0001906249235616997,-0.00020287999359425157,-0.00020539815886877477,-0.0002077484386973083,59567.140625,472.0799865722656,5956.240234375,4597.89990234375,5000.0,11854.0400390625,16915.0390625,916.530029296875,20005.220703125,17814.94921875,382.0199890136719,307.239990234375,83.37999725341797,996.4600219726562,20003.169921875,319696.3125,435630.0625,0.0,0.0,0.0,0.0,10000.0,0.0,0.0,0.0,8056.240234375,239987.375,216519.96875,3573.300048828125,0.0,379263.4375,436469.9375,5956.240234375,4597.89990234375,5000.0,11854.0400390625,26915.0390625,916.530029296875,20005.220703125,17814.94921875,8492.8798828125,240457.515625,226960.8125,4569.759765625,20003.169921875,0.0,367.79998779296875,0.0,0.0,0.0,0.0,0.0,0.0,0.0,0.0,54.619998931884766,162.88999938964844,10357.4697265625,0.0,0.0,1.5948364762152778e-06,7.00888704159297e-05,7.076037582010031e-05,7.126401033019647e-05,7.32785410946235e-05,0.00010534314787946641,0.0001296853879466653,0.0001417725725332275,0.0001421083288732916,0.00014345133968163282,0.00015167734818533063,0.0001588960731169209,0.00018223105871584266,0.00018340619863010943,0.00019247157615609467,59175.19921875,18467.140625,3601.090087890625,20009.259765625,98.56999969482422,11913.0703125,801.7899780273438,16912.5703125,8936.349609375,85.55999755859375,366.3999938964844,1787.300048828125,4045.300048828125,2383.1298828125,20011.1796875,2473240.25,0.0,0.0,0.0,11912.6904296875,0.0,0.0,0.0,0.0,0.0,11913.6298828125,0.0,0.0,0.0,0.0,2570100.75,18467.140625,3601.090087890625,20009.259765625,12011.259765625,11913.0703125,801.7899780273438,16912.5703125,8936.349609375,85.55999755859375,12280.01953125,1787.300048828125,4045.300048828125,2383.1298828125,20011.1796875,37685.37109375,0.0,0.0,0.0,0.0,0.0,0.0,0.0,0.0,0.0,0.0,0.0,0.0,0.0,0.0
2021-04-11 21:25:00.115838+00:00,59569.44,6.9,1519717.5645859414,1240143.238933679,-5.7915603974834085e-05,-5.942644565948285e-05,-9.316857904195786e-05,-0.00010340872540837154,-0.00011599907884374261,-0.00011700630420818925,-0.00012657497427426279,-0.00013782235328108072,-0.00014017254579812288,-0.00015679180796723813,-0.0001574632915435359,-0.00015847051690798253,-0.00015863838780205697,-0.00019959898781962693,-0.00019976685871370137,17167.509765625,114473.9296875,18464.810546875,1734.4000244140625,5340.52978515625,20003.66015625,622.7100219726562,8.15999984741211,1965.52001953125,11910.3896484375,4943.47998046875,16915.0390625,916.530029296875,3362.0400390625,11853.5498046875,24958.150390625,0.0,0.0,0.0,0.0,0.0,0.0,0.0,0.0,0.0,0.0,31620.400390625,60352.140625,0.0,0.0,44858.6484375,114473.9296875,18464.810546875,1734.4000244140625,5340.52978515625,20003.66015625,622.7100219726562,8.15999984741211,1965.52001953125,11910.3896484375,4943.47998046875,31620.400390625,60352.140625,3362.0400390625,11853.5498046875,2732.989990234375,0.0,0.0,0.0,0.0,0.0,0.0,0.0,0.0,0.0,0.0,0.0,0.0,0.0,0.0,5.7915603974834085e-05,7.11774337105453e-05,8.14175873529166e-05,0.00011297739547444507,0.00011314526636851951,0.00011616694973781705,0.00011633482063189149,0.00011784565867856145,0.00013832596596330404,0.0001554488408146426,0.00015695967886131257,0.0001724038302199915,0.0001903660740936175,0.00022007929510436952,0.00022981582151260227,5000.0,761.9500122070312,4142.990234375,5957.6201171875,59576.1796875,3601.389892578125,269.5299987792969,20008.25,4944.9501953125,165.8800048828125,279.760009765625,2383.18994140625,28330.66015625,6305.02978515625,20010.5390625,0.0,0.0,100.01000213623047,0.0,0.0,0.0,0.0,0.0,0.0,0.0,0.0,0.0,0.0,18470.58984375,0.0,5000.0,761.9500122070312,5044.669921875,5957.6201171875,59576.1796875,3601.389892578125,269.5299987792969,20008.25,4944.9501953125,165.8800048828125,279.760009765625,2383.18994140625,28330.66015625,24775.619140625,20010.5390625,0.0,0.0,801.6699829101562,0.0,0.0,0.0,0.0,0.0,0.0,0.0,0.0,0.0,0.0,0.0,0.0
2021-04-11 21:30:00.115838+00:00,59508.354999999996,0.01,560205.1444696506,1035993.7903494117,-8.402181350675164e-08,-4.226297460263595e-05,-4.243101648171432e-05,-8.780279313214123e-05,-0.0001235960953636095,-0.0001385519717587158,-0.000138720017275773,-0.00014040045789442956,-0.00015720482042524964,-0.0001731689553707838,-0.0001740091829560697,-0.00019316615362185985,-0.00020442507229745388,-0.00021904487221036106,-0.00024223489162977785,1522.219970703125,5950.580078125,20002.560546875,20000.80078125,14875.25,11842.1201171875,47600.078125,101629.171875,471.5199890136719,24989.1796875,1189.9599609375,19999.7890625,2786.1201171875,1784.8599853515625,8924.08984375,10335.5595703125,0.0,0.0,0.0,24930.919921875,0.0,0.0,1487.5,1732.530029296875,0.0,4688.91015625,0.0,0.0,0.0,0.0,11954.6796875,5950.580078125,20002.560546875,20000.80078125,39806.171875,11842.1201171875,47600.078125,42683.37109375,2204.050048828125,24989.1796875,4688.91015625,19999.7890625,2786.1201171875,1784.8599853515625,8924.08984375,96.9000015258789,0.0,0.0,0.0,0.0,0.0,0.0,0.0,0.0,0.0,0.0,0.0,0.0,0.0,0.0,8.402181350675164e-08,2.5206543341482757e-07,1.2603272807609756e-06,5.604255056823604e-05,5.6714725360507146e-05,5.688276723958552e-05,0.0001667832984821871,0.00016695134399924427,0.00020845812105108052,0.0002086261665681377,0.0002230779209639877,0.00022408617951441556,0.00022778313723392785,0.0002602155727799982,0.0002731549320742488,1256.199951171875,6200.77001953125,5000.0,4939.47021484375,719.97998046875,11782.830078125,9332.7099609375,5300.08984375,16902.220703125,20008.2109375,24939.560546875,1785.6500244140625,356.239990234375,3598.219970703125,77386.1484375,1637.7900390625,0.0,0.0,0.0,0.0,0.0,0.0,0.0,0.0,0.0,0.0,0.0,0.0,720.1199951171875,0.0,3536.110107421875,6200.77001953125,5000.0,4939.47021484375,719.97998046875,11782.830078125,9332.7099609375,5300.08984375,16902.220703125,20008.2109375,24939.560546875,1785.6500244140625,356.239990234375,4318.33984375,87423.7890625,642.1099853515625,0.0,0.0,0.0,0.0,0.0,0.0,0.0,0.0,0.0,0.0,0.0,0.0,0.0,10037.6396484375
2021-04-11 21:35:00.115838+00:00,59574.435,0.01,604737.2324822919,440879.6711125292,-8.392861872152935e-08,-7.973218998813536e-06,-2.25767980737146e-05,-5.2791099733440205e-05,-0.00012127685477025807,-0.00014897329674568027,-0.00016105901158880442,-0.00016374472761526704,-0.00024901621509343386,-0.000273691228358075,-0.00027453049551695585,-0.00030541623709723353,-0.0003527519875206053,-0.0003529198293108493,-0.00037507698289118707,54391.44921875,5000.0,3574.389892578125,3574.280029296875,2978.360107421875,20007.2109375,8960.6201171875,17264.759765625,20005.2109375,31565.810546875,27128.7109375,20003.970703125,4516.52978515625,88013.9765625,1786.56005859375,191091.09375,0.0,0.0,0.0,0.0,0.0,0.0,5618.77978515625,0.0,0.0,0.0,0.0,0.0,0.0,0.0,245482.5625,5000.0,3574.389892578125,3574.280029296875,2978.360107421875,20007.2109375,8960.6201171875,22883.529296875,20005.2109375,31565.810546875,27128.7109375,20003.970703125,4516.52978515625,88013.9765625,1786.56005859375,0.0,0.0,0.0,0.0,0.0,0.0,0.0,0.0,0.0,0.0,0.0,0.0,0.0,0.0,0.0,8.392861872152935e-08,4.7251811338355765e-05,4.7419667680514976e-05,4.7587527660652995e-05,7.66268276493065e-05,7.679468399146572e-05,7.696254033362493e-05,0.0001843911741161719,0.0001845590304583311,0.00018472688680049032,0.00019882689230144024,0.00020621261501219124,0.00024146263604052365,0.00024179834872484207,0.00027453049551695585,8612.58984375,90795.7421875,1459.6400146484375,1459.6400146484375,93825.0234375,11857.830078125,21799.390625,4962.47998046875,28901.890625,279.80999755859375,712.739990234375,165.8800048828125,16329.2197265625,11798.830078125,2979.5400390625,761.9600219726562,0.0,23154.6796875,0.0,0.0,0.0,48280.80859375,0.0,700378.8125,31788.830078125,81790.3828125,0.0,0.0,0.0,0.0,9374.5498046875,90795.7421875,24780.48046875,1459.6400146484375,93825.0234375,11857.830078125,70093.84375,4962.47998046875,730276.75,31788.830078125,61779.05859375,0.0,16329.2197265625,11798.830078125,2979.5400390625,0.0,0.0,166.16000366210938,0.0,0.0,0.0,13.649999618530273,0.0,996.0499877929688,0.0,0.0,0.0,0.0,0.0,0.0
2021-04-11 21:40:00.115838+00:00,59598.625,0.01,487762.9504862225,224517.8467987726,-8.389455530277701e-08,-1.0486819519428536e-05,-1.1325764717184938e-05,-4.9078313168138266e-05,-4.924610402667895e-05,-0.00012441561557352543,-0.00012458341370802373,-0.00014069116150494665,-0.00018062497838400304,-0.0001957259955815971,-0.00020629671053029597,-0.00020730344112962484,-0.0002074712247122079,-0.0002205587807111442,-0.00022139772772789001,4713.169921875,4946.6298828125,5000.0,5621.7001953125,11918.2099609375,5959.1201171875,67933.96875,28150.4296875,3575.27001953125,11859.41015625,16433.25,67928.3515625,65544.890625,24906.73046875,64948.12109375,983562.625,0.0,0.0,0.0,0.0,0.0,46143.30078125,0.0,0.0,0.0,0.0,8580.6796875,964771.875,0.0,95655.5625,992637.0625,4946.6298828125,5000.0,5621.7001953125,11918.2099609375,5959.1201171875,114077.2578125,28150.4296875,3575.27001953125,11859.41015625,16433.25,76509.03125,1031016.75,24906.73046875,160603.6875,4361.22021484375,0.0,0.0,0.0,0.0,0.0,0.0,0.0,0.0,0.0,0.0,0.0,700.030029296875,0.0,0.0,8.389455530277701e-08,2.516836730137584e-07,2.307100294274278e-05,2.340658102184534e-05,4.0017701394390315e-05,5.327304097590968e-05,7.99515109974891e-05,8.011929458007216e-05,8.028708543861285e-05,0.00010679776460165158,0.00010713334631873295,0.00013196613872423768,0.00014522147830575705,0.0001712287776172161,0.0001713965757517144,154632.484375,953.5800170898438,7252.2099609375,20009.220703125,478.6000061035156,20009.900390625,4962.06982421875,5871.72021484375,1788.0999755859375,8940.75,20010.919921875,16997.439453125,25064.859375,3603.35009765625,86.69000244140625,287182.59375,0.0,36952.0,0.0,0.0,0.0,0.0,0.0,0.0,0.0,0.0,0.0,0.0,0.0,0.0,530172.6875,953.5800170898438,36952.0,20009.220703125,0.0,20009.900390625,4962.06982421875,5871.72021484375,1788.0999755859375,8940.75,20010.919921875,16997.439453125,0.0,3603.35009765625,0.0,89598.9921875,0.0,0.0,0.0,0.0,0.0,0.0,0.0,0.0,0.0,0.0,0.0,0.0,0.0,0.0
2021-04-11 21:45:00.115838+00:00,59632.104999999996,0.01,823690.4414899937,220301.83388691506,-8.384745342482347e-08,-8.636287020635791e-06,-8.803982382232789e-06,-8.971676834335085e-06,-6.749719614163041e-05,-0.00010371929965913296,-0.00010388698865426704,-0.00010439007746754214,-0.00016794644761830568,-0.00016828184016048908,-0.00016895261069294065,-0.00017616349214222282,-0.00019024986249860376,-0.00019125604012515396,-0.00019159143266733736,174441.8125,26459.33984375,19999.01953125,19999.01953125,8944.2099609375,5962.58984375,29437.310546875,5962.58984375,17216.05078125,11866.400390625,30407.240234375,8943.240234375,4906.47998046875,29993.060546875,11923.2099609375,530683.8125,213176.796875,2824.070068359375,0.0,0.0,0.0,0.0,0.0,0.0,0.0,0.0,0.0,0.0,0.0,0.0,705125.625,240376.046875,22823.08984375,19999.01953125,8944.2099609375,5962.58984375,29437.310546875,5962.58984375,17216.05078125,11866.400390625,30407.240234375,8943.240234375,4906.47998046875,29993.060546875,11923.2099609375,0.0,739.9099731445312,0.0,0.0,0.0,0.0,0.0,0.0,0.0,0.0,0.0,0.0,0.0,0.0,0.0,8.384745342482347e-08,2.515423602744704e-07,2.138109994120896e-05,2.5741166609805077e-05,0.00011562563304323703,0.00013792906247545034,0.000144301462569274,0.00016878491442184895,0.00017549272160977125,0.00020349776605144143,0.00020400085486471653,0.0002157394919777289,0.0002160748845199123,0.00021993186965119094,0.000237036743783392,387.6199951171875,515.6300048828125,814.5700073242188,249.3300018310547,240.5800018310547,238.55999755859375,119.27999877929688,762.8200073242188,496.2300109863281,596.4400024414062,656.0900268554688,16452.66015625,360.8500061035156,477.1600036621094,1002.0599975585938,0.0,64116.4609375,31390.75,2385.35009765625,2385.56005859375,0.0,0.0,0.0,0.0,0.0,0.0,0.0,28385.05078125,0.0,0.0,662.760009765625,64492.140625,31390.75,2385.35009765625,2626.139892578125,238.55999755859375,119.27999877929688,762.8200073242188,496.2300109863281,596.4400024414062,656.0900268554688,16452.66015625,28745.900390625,477.1600036621094,1002.0599975585938,275.1400146484375,0.0,0.0,0.0,0.0,0.0,0.0,0.0,0.0,0.0,0.0,0.0,0.0,0.0,0.0
2021-04-11 21:50:00.115838+00:00,59591.675,0.01,420560.0448528625,394758.5408784169,-8.390433947624842e-08,-0.00012208080443087965,-0.000153628847328946,-0.00017846452828962356,-0.00018014261149801314,-0.00019574881298467517,-0.0002120262652169913,-0.0002121940633514896,-0.00025347500923089683,-0.00025364282191731036,-0.0002640469465404749,-0.0003466088091954589,-0.00038654726813547313,-0.00038671508082188666,-0.0003870507061947137,496.2900085449219,5958.43994140625,20002.1796875,5000.0,8937.1396484375,28759.26953125,11857.830078125,35.630001068115234,16509.7890625,20000.1796875,8936.3896484375,20002.23046875,4906.47998046875,47262.44140625,72458.34375,368517.0,0.0,29064.349609375,0.0,215311.15625,0.0,0.0,0.0,0.0,0.0,0.0,0.0,0.0,0.0,0.0,369073.78125,5958.43994140625,49066.5390625,5000.0,225811.90625,28759.26953125,11857.830078125,35.630001068115234,16509.7890625,20000.1796875,8936.3896484375,20002.23046875,4906.47998046875,47262.44140625,72458.34375,60.47999954223633,0.0,0.0,0.0,1563.5999755859375,0.0,0.0,0.0,0.0,0.0,0.0,0.0,0.0,0.0,0.0,8.390433947624842e-08,1.6025727745727636e-05,2.206684075645171e-05,2.223464980488643e-05,4.992308095097542e-05,6.569709512405097e-05,6.787860911572352e-05,9.942663746187463e-05,0.00010026568634202704,0.00010043349175248295,0.0001133547630161047,0.00012476574920583516,0.000125101360026747,0.0001350020756945014,0.00014423155516851693,5547.5400390625,18473.720703125,101985.71875,1787.7900390625,128308.1875,595.9600219726562,967.780029296875,24911.80078125,5959.77001953125,20007.76953125,3602.72998046875,401.3500061035156,8494.41015625,69.19999694824219,28.450000762939453,292660.9375,0.0,0.0,116241.8125,1835.5899658203125,0.0,0.0,0.0,3671.3701171875,0.0,0.0,0.0,0.0,35618.23828125,30396.140625,298258.21875,18473.720703125,101985.71875,118029.6015625,130143.78125,595.9600219726562,967.780029296875,24911.80078125,9631.1298828125,20007.76953125,3602.72998046875,401.3500061035156,8494.41015625,35687.44140625,30424.58984375,49.75,0.0,0.0,0.0,0.0,0.0,0.0,0.0,0.0,0.0,0.0,0.0,0.0,0.0,0.0
2021-04-11 21:55:00.115838+00:00,59538.305,0.01,397186.5618664769,687411.3220596722,-8.397955042482863e-08,-7.885679951868951e-05,-9.380515257362276e-05,-9.397311805514619e-05,-0.00010203515557805076,-0.00012185432569822297,-0.00013293963274918497,-0.0001824875653255731,-0.00020986489835195243,-0.00021272020239848644,-0.00025353426462970674,-0.00025706138694658875,-0.0002886377042159438,-0.00031416749698109925,-0.00031803056481294334,110311.96875,1994.8599853515625,1994.8299560546875,279.3999938964844,20002.919921875,1231.0699462890625,3571.820068359375,3674.550048828125,5000.0,11369.5400390625,17661.869140625,19998.7109375,0.0,8927.9404296875,19999.009765625,0.0,0.0,0.0,188142.875,40.65999984741211,0.0,0.0,0.0,0.0,0.0,3571.389892578125,0.0,19998.609375,0.0,0.0,110311.96875,1994.8599853515625,1994.8299560546875,188422.28125,20043.580078125,1231.0699462890625,3571.820068359375,3674.550048828125,5000.0,11369.5400390625,21233.26953125,19998.7109375,39997.21875,8927.9404296875,19999.009765625,0.0,0.0,0.0,0.0,0.0,0.0,0.0,0.0,0.0,0.0,0.0,0.0,19998.609375,0.0,0.0,8.397955042482863e-08,7.852087583160028e-05,9.313331975135952e-05,9.83400532277301e-05,9.917984425555915e-05,0.00012303004041314125,0.00012605330266524106,0.00015141512267291546,0.00017627306806389242,0.00019642816914711148,0.00019928347319364548,0.00020499408128671348,0.00025706138694658875,0.00025722934515215456,0.00028611833113245666,1786.1500244140625,33442.2109375,297.7200012207031,184235.03125,20007.349609375,11908.2001953125,3599.5400390625,377.6099853515625,2392.260009765625,14887.5,20009.349609375,5000.0,5955.35986328125,20009.44921875,2382.2099609375,103953.890625,0.0,0.0,968671.3125,0.0,0.0,2588.699951171875,0.0,0.0,0.0,0.0,0.0,0.0,0.0,0.0,105740.0390625,33442.2109375,297.7200012207031,1156893.375,20007.349609375,11908.2001953125,6188.240234375,377.6099853515625,2392.260009765625,14887.5,20009.349609375,5000.0,5955.35986328125,20009.44921875,2382.2099609375,0.0,0.0,0.0,3987.030029296875,0.0,0.0,0.0,0.0,0.0,0.0,0.0,0.0,0.0,0.0,0.0
2021-04-11 22:00:00.115838+00:00,59575.365000000005,0.01,498333.8208523835,131927.96529723518,-8.392731132289555e-08,-7.209355680970475e-05,-7.29328312445432e-05,-0.0001075108812074177,-0.0001296676928177476,-0.00013772470992989838,-0.00024347311409655958,-0.00029819371411576867,-0.00033663242356851697,-0.0003368002944625914,-0.0003374716907273978,-0.00033763956162147224,-0.0003772532509174198,-0.0003774210927076638,-0.0003775889636017382,1581.1500244140625,4944.39990234375,20001.060546875,3574.139892578125,5000.0,20000.7890625,20000.279296875,1786.72998046875,17545.109375,24953.669921875,11469.83984375,29995.189453125,5955.2900390625,51812.7109375,70451.046875,23255.220703125,0.0,0.0,0.0,0.0,0.0,0.0,0.0,0.0,0.0,0.0,0.0,0.0,0.0,179817.609375,24981.080078125,4944.39990234375,20001.060546875,3574.139892578125,5000.0,20000.7890625,20000.279296875,1786.72998046875,17545.109375,24953.669921875,11469.83984375,29995.189453125,5955.2900390625,51812.7109375,250268.65625,144.72000122070312,0.0,0.0,0.0,0.0,0.0,0.0,0.0,0.0,0.0,0.0,0.0,0.0,0.0,0.0,8.392730421746819e-08,8.552192593924701e-05,8.636120037408546e-05,0.0001016359674395062,0.00010180382378166541,0.00012127496302127838,0.00015501373854931444,0.00017968835891224444,0.00017985621525440365,0.0001806954969651997,0.00018086335330735892,0.00019043106294702739,0.0001907667756313458,0.00024061958538368344,0.00025253728381358087,114218.7109375,24904.630859375,18469.9609375,11858.3095703125,112013.09375,11915.58984375,1787.5400390625,3601.97998046875,4945.64013671875,17388.900390625,113008.0234375,108973.0625,114018.140625,88043.78125,20010.2109375,2733.22998046875,0.0,0.0,0.0,3495.550048828125,0.0,0.0,0.0,0.0,0.0,2739.5400390625,0.0,23497.7890625,0.0,0.0,118230.1171875,24904.630859375,18469.9609375,11858.3095703125,115508.640625,11915.58984375,1787.5400390625,3601.97998046875,4945.64013671875,17388.900390625,115747.546875,108973.0625,137515.9375,88043.78125,20010.2109375,1278.1800537109375,0.0,0.0,0.0,0.0,0.0,0.0,0.0,0.0,0.0,0.0,0.0,0.0,0.0,0.0
2021-04-11 22:05:00.115838+00:00,59418.354999999996,0.01,623784.3358103611,2884582.203780413,-8.414907881615363e-08,-2.3140997654991224e-05,-3.458527135080658e-05,-3.4921868063975126e-05,-5.814701580675319e-05,-6.1008082411717623e-05,-6.11763825872913e-05,-8.221364987548441e-05,-8.238195005105808e-05,-8.961877028923482e-05,-9.685559052741155e-05,-9.736048377817497e-05,-0.0001152000913862139,-0.00012378330575302243,-0.0001414546131854877,6867.52001953125,18419.259765625,104643.0078125,17596.140625,20000.30078125,110677.1875,415.8999938964844,113693.2421875,80.02999877929688,142.02999877929688,2603.10009765625,8911.8896484375,1960.5799560546875,5.940000057220459,99.0999984741211,140620.28125,0.0,0.0,1155065.0,0.0,0.0,0.0,0.0,244189.3125,23612.630859375,0.0,0.0,0.0,3548.320068359375,86489.0078125,147487.796875,18419.259765625,104643.0078125,1172817.875,20000.30078125,110677.1875,415.8999938964844,113693.2421875,244269.34375,23754.650390625,2603.10009765625,8911.8896484375,1960.5799560546875,3554.260009765625,86588.1015625,0.0,0.0,0.0,156.77999877929688,0.0,0.0,0.0,0.0,0.0,0.0,0.0,0.0,0.0,0.0,0.0,8.414907881615363e-08,2.524472506593156e-07,7.85110896686092e-05,9.466771734878421e-05,9.517261059954762e-05,9.668729762779549e-05,0.00010409241076558828,0.00010729007772170007,0.00011368541163392365,0.00011755626474041492,0.00013102011871524155,0.00015609654656145722,0.000173094667843543,0.0001735995610943064,0.00017376785399392247,93921.640625,576.3599853515625,11883.6796875,5000.0,1837.97998046875,8913.6103515625,921.0800170898438,2376.989990234375,4898.8701171875,921.0900268554688,921.1099853515625,1782.8299560546875,11827.900390625,73164.109375,34658.80859375,83964.8515625,0.0,0.0,0.0,360157.21875,7245.58984375,0.0,0.0,5000.0,0.0,0.0,0.0,0.0,362734.375,612.1199951171875,182970.140625,576.3599853515625,11883.6796875,5000.0,362102.375,16159.2099609375,921.0800170898438,2376.989990234375,9898.8701171875,921.0900268554688,921.1099853515625,1782.8299560546875,11827.900390625,436050.75,35270.921875,5083.64990234375,0.0,0.0,0.0,107.16000366210938,0.0,0.0,0.0,0.0,0.0,0.0,0.0,0.0,152.25,0.0
2021-04-11 22:10:00.115838+00:00,59505.585,0.01,2082505.1942595132,575433.827259594,-8.402572859722568e-08,-1.3696193491341546e-05,-2.7308360586175695e-05,-4.0752478525973856e-05,-6.797681271564215e-05,-7.30183528503403e-05,-0.0001194005599245429,-0.00013738205598201603,-0.00013889452384319156,-0.00014124724839348346,-0.00015603577776346356,-0.0002345157990930602,-0.0002783772360999137,-0.0002785452816169709,-0.0003062737814616412,123538.0625,916.3699951171875,916.3599853515625,916.3499755859375,241219.390625,4999.419921875,125541.7890625,22150.890625,27963.740234375,11898.509765625,171469.28125,356.17999267578125,126116.71875,126908.96875,126113.203125,0.0,0.0,0.0,0.0,28051.189453125,0.0,3144.8701171875,0.0,28049.19921875,0.0,28402.380859375,0.0,21878.19921875,46526.53125,51298.8515625,123538.0625,916.3699951171875,916.3599853515625,916.3499755859375,269270.59375,4999.419921875,128686.671875,22150.890625,56012.94140625,11898.509765625,199871.65625,356.17999267578125,147994.921875,173435.5,177412.046875,0.0,0.0,0.0,0.0,0.0,0.0,0.0,0.0,0.0,0.0,0.0,0.0,0.0,0.0,0.0,8.402572859722568e-08,2.520771715808223e-07,8.041261753533036e-05,0.0001259545679204166,0.0001301558513659984,0.0001672952203080058,0.00020443458925001323,0.0002279617910971865,0.00022812985116615891,0.0002714871079660952,0.00028375486726872623,0.00029535041539929807,0.0003299690142739564,0.000414330861531198,0.0004151711182203144,1005.6400146484375,6032.4599609375,3597.39990234375,2380.52001953125,20011.869140625,10752.080078125,1785.530029296875,41034.87890625,139.57000732421875,661.7000122070312,595.219970703125,91743.046875,4863.64990234375,4941.009765625,941.1900024414062,0.0,0.0,0.0,0.0,0.0,0.0,0.0,360871.625,103473.3203125,7142.60986328125,0.0,0.0,0.0,0.0,48219.53125,1005.6400146484375,6032.4599609375,3597.39990234375,2380.52001953125,20011.869140625,10752.080078125,1785.530029296875,402647.5,103612.890625,7804.31005859375,595.219970703125,91743.046875,4863.64990234375,4941.009765625,49160.71875,0.0,0.0,0.0,0.0,0.0,0.0,0.0,741.010009765625,0.0,0.0,0.0,0.0,0.0,0.0,0.0
2021-04-11 22:15:00.115838+00:00,59553.365000000005,0.01,509554.36378057493,242667.43926574197,-8.395831230245676e-08,-5.2809777116635814e-05,-6.758644303772599e-05,-0.00011309184628771618,-0.00016783266619313508,-0.0001680005807429552,-0.00016816849529277533,-0.00018025850295089185,-0.00019537098705768585,-0.00024037265393417329,-0.0003092184488195926,-0.00031173721072264016,-0.00031240886892192066,-0.0003127446980215609,-0.00031291262712329626,761.6900024414062,18460.5703125,5710.080078125,4999.0498046875,129804.546875,229050.53125,206476.296875,20003.80078125,916.9400024414062,20003.609375,91689.78125,119477.5390625,97273.6875,341.2799987792969,239153.15625,0.0,0.0,0.0,0.0,0.0,25855.349609375,270881.4375,0.0,0.0,0.0,0.0,0.0,0.0,119655.75,306234.71875,761.6900024414062,18460.5703125,5710.080078125,4999.0498046875,129804.546875,254905.875,477357.75,20003.80078125,916.9400024414062,20003.609375,91689.78125,119477.5390625,97273.6875,119997.03125,546661.6875,0.0,0.0,0.0,0.0,0.0,0.0,0.0,0.0,0.0,0.0,0.0,0.0,0.0,0.0,1273.7900390625,8.395831230245676e-08,1.3517288607545197e-05,9.428518387721851e-05,0.00010301684960722923,0.00011158059351146221,0.0001236705866176635,0.00017169474449474365,0.0001983934926101938,0.0001990651508094743,0.00021367390581872314,0.00022173390607349575,0.0002289543190272525,0.00025279849069193006,0.00026908639119938016,0.000269925978500396,515.739990234375,1786.6300048828125,761.760009765625,36355.03125,8528.990234375,100.2300033569336,20013.869140625,122.91000366210938,5389.22998046875,8934.91015625,160.8300018310547,2978.35009765625,635.9299926757812,24959.5703125,8935.419921875,0.0,0.0,0.0,766607.25,0.0,36647.94921875,0.0,2978.260009765625,0.0,0.0,0.0,0.0,0.0,0.0,0.0,667.780029296875,1786.6300048828125,761.760009765625,818021.4375,8528.990234375,49486.48828125,20013.869140625,2978.260009765625,5389.22998046875,8934.91015625,0.0,2978.35009765625,635.9299926757812,24959.5703125,8935.419921875,152.0399932861328,0.0,0.0,15059.150390625,0.0,12738.3095703125,0.0,0.0,0.0,0.0,0.0,0.0,0.0,0.0,0.0
2021-04-11 22:20:00.115838+00:00,59642.565,0.01,561027.0116736009,266826.1058669099,-8.383274519019324e-08,-3.0934283131500706e-05,-3.110195029876195e-05,-3.1269613828044385e-05,-3.764090433833189e-05,-5.9940412029391155e-05,-0.00011325803643558174,-0.00014377315528690815,-0.00014964144793339074,-0.00014980911510065198,-0.0001508151035523042,-0.00015098277071956545,-0.0001511504378868267,-0.00016053971194196492,-0.00016372535901609808,529520.9375,218.17999267578125,133595.1875,1501.5699462890625,14350.490234375,11868.16015625,24069.009765625,8945.099609375,16511.2109375,93912.25,21.790000915527344,94465.1796875,1180.0999755859375,23256.869140625,6516.66015625,0.0,5327.93017578125,98725.28125,219213.828125,280953.71875,234220.734375,478860.5,0.0,0.0,0.0,134175.53125,909342.4375,175756.078125,0.0,0.0,529520.9375,5546.10009765625,232320.46875,220715.40625,295304.1875,246088.90625,506366.8125,8945.099609375,16511.2109375,93912.25,134197.3125,1010726.5625,179859.015625,23256.869140625,6516.66015625,0.0,0.0,0.0,0.0,0.0,0.0,3437.320068359375,0.0,0.0,0.0,0.0,6918.9599609375,2922.840087890625,0.0,0.0,8.383274519019324e-08,1.5844389054109342e-05,2.8586966436705552e-05,3.2946270948741585e-05,4.0658880607225e-05,4.4515189074445516e-05,7.553330215159804e-05,8.458724187221378e-05,8.50902360980399e-05,9.682682139100507e-05,0.00011879100202349946,0.00012180898193037137,0.00014461149112321436,0.00015433608496095985,0.0001545037521282211,4101.6201171875,631.010009765625,656.0900268554688,65.48999786376953,360.8500061035156,477.1600036621094,298.239990234375,4798.56005859375,256.95001220703125,802.1799926757812,366.010009765625,73.22000122070312,55.09000015258789,55.09000015258789,146.44000244140625,0.0,0.0,0.0,0.0,0.0,0.0,41752.94921875,0.0,0.0,0.0,3513.669921875,500.0,0.0,39614.73828125,34938.05078125,3605.389892578125,631.010009765625,0.0,65.48999786376953,0.0,0.0,41752.94921875,4798.56005859375,256.95001220703125,802.1799926757812,3513.669921875,500.0,55.09000015258789,39669.828125,34938.05078125,0.0,0.0,0.0,0.0,0.0,0.0,0.0,0.0,0.0,0.0,0.0,0.0,0.0,0.0,0.0
2021-04-11 22:25:00.115838+00:00,59880.335,0.01,7301647.485339147,4703015.570144532,-8.349987012934434e-08,-4.2334431782364845e-05,-7.757137791486457e-05,-0.00010061734064947814,-0.00010078433842863888,-0.00011080432159360498,-0.00012216030154377222,-0.00013886028318665922,-0.00013936127652414143,-0.00016725024033803493,-0.00016808522923383862,-0.00017610122449696064,-0.00025525910314172506,-0.0002694540598895401,-0.00029316803556866944,134945.890625,1763.030029296875,35925.41015625,11915.900390625,5000.0,116957.0,119162.390625,111437.0390625,31492.669921875,24965.919921875,16434.119140625,123331.7734375,4908.93017578125,3591.85009765625,19998.0703125,137049.59375,287641.0625,0.0,0.0,0.0,0.0,0.0,0.0,0.0,0.0,0.0,25090.970703125,0.0,0.0,0.0,272249.9375,289404.09375,35925.41015625,11915.900390625,5000.0,116957.0,119162.390625,111437.0390625,31492.669921875,24965.919921875,16434.119140625,148422.734375,4908.93017578125,3591.85009765625,19998.0703125,254.4499969482422,0.0,0.0,0.0,0.0,0.0,0.0,0.0,0.0,0.0,0.0,0.0,0.0,0.0,0.0,8.349987012934434e-08,1.194048127217684e-05,1.2775479262927547e-05,7.08913867129013e-05,0.00013234728248789907,0.00016340923320967704,0.00017493222549092025,0.0001999821834033355,0.000300683022942394,0.00031988800037652254,0.00033224598155356944,0.0003352519706822932,0.00033608695957809687,0.00035545893479138613,0.0003905288758687675,44900.76953125,4910.25,20008.330078125,20007.83984375,1218.68994140625,7520.60009765625,20007.890625,446.260009765625,5000.0,30017.7109375,1440.6800537109375,28872.0,89964.5,85.70999908447266,4952.64013671875,37684.69921875,0.0,0.0,0.0,1077442.625,0.0,0.0,5989.22998046875,0.0,0.0,0.0,0.0,0.0,0.0,0.0,82633.2265625,4910.25,20008.330078125,20007.83984375,1081596.375,7520.60009765625,20007.890625,6435.5,5000.0,30017.7109375,1440.6800537109375,28872.0,89964.5,85.70999908447266,4952.64013671875,47.7599983215332,0.0,0.0,0.0,2935.14990234375,0.0,0.0,0.0,0.0,0.0,0.0,0.0,0.0,0.0,0.0
2021-04-11 22:30:00.115838+00:00,59962.705,0.01,869950.9979237226,759271.8034633824,-8.338516721551059e-08,-1.209084894071566e-05,-0.000205377655220218,-0.0002117149269906804,-0.0002118817064911127,-0.00023539632093161345,-0.0002449022140353918,-0.0002652482071425766,-0.000272752862656489,-0.00028826252673752606,-0.00028842929168604314,-0.0003503010666463524,-0.0003536364820320159,-0.0003684790281113237,-0.0004208449099678546,637.3499755859375,273.0199890136719,766.77001953125,5127.93017578125,4436.31982421875,1696.6300048828125,93805.109375,19993.189453125,1798.3900146484375,4929.18017578125,32070.7890625,11986.7001953125,5000.0,305.70001220703125,11928.4697265625,1773.0999755859375,289128.625,0.0,0.0,0.0,0.0,0.0,0.0,0.0,0.0,0.0,0.0,0.0,170136.84375,5993.75,2410.43994140625,289428.40625,766.77001953125,5127.93017578125,4436.31982421875,1696.6300048828125,93805.109375,19993.189453125,1798.3900146484375,4929.18017578125,32070.7890625,11986.7001953125,5000.0,170442.546875,17922.220703125,0.0,26.790000915527344,0.0,0.0,0.0,0.0,0.0,0.0,0.0,0.0,0.0,0.0,0.0,0.0,0.0,8.338516721551059e-08,2.3431231966242194e-05,2.4265082174679264e-05,4.561168316286057e-05,5.611821688944474e-05,0.00014167139306664467,0.00015034344687592238,0.0001721903681755066,0.00017252389807254076,0.00017285744252149016,0.00017335775191895664,0.00017352453141938895,0.00019770622020587325,0.00020004100224468857,0.00029143114807084203,306130.53125,29862.130859375,2696.699951171875,901.6900024414062,599.6599731445312,5000.0,122942.03125,115088.1484375,106718.140625,93116.84375,122944.8515625,122944.8828125,1799.239990234375,140.22999572753906,20004.689453125,2696.6298828125,0.0,0.0,0.0,0.0,0.0,0.0,0.0,0.0,0.0,2527.280029296875,269133.84375,0.0,0.0,0.0,308827.15625,29862.130859375,2696.699951171875,901.6900024414062,599.6599731445312,5000.0,122942.03125,115088.1484375,106718.140625,93116.84375,125472.140625,392270.0625,1799.239990234375,140.22999572753906,20004.689453125,0.0,0.0,0.0,0.0,0.0,0.0,0.0,0.0,0.0,0.0,0.0,191.36000061035156,0.0,0.0,0.0
2021-04-11 22:35:00.115838+00:00,59842.265,0.01,1626253.836792044,273253.86065100704,-8.355299030426977e-08,-3.0162627808749676e-05,-4.6706118155270815e-05,-7.895757153164595e-05,-7.91246784501709e-05,-7.996020576683804e-05,-8.0127312685363e-05,-0.00012959068408235908,-0.00014797234325669706,-0.0001488078705733642,-0.0001498105120845139,-0.00015098025323823094,-0.00017671457317192107,-0.0001854040747275576,-0.00018724224355537444,22802.830078125,3590.429931640625,101927.6328125,11965.8701171875,134308.5625,117849.8984375,19998.4296875,4424.08984375,4966.169921875,5983.33984375,5000.0,19997.490234375,1794.949951171875,11964.599609375,17446.890625,0.0,0.0,0.0,0.0,0.0,0.0,0.0,0.0,0.0,0.0,0.0,0.0,0.0,0.0,0.0,31921.55078125,3590.429931640625,101927.6328125,11965.8701171875,134308.5625,117849.8984375,19998.4296875,4424.08984375,4966.169921875,5983.33984375,5000.0,19997.490234375,1794.949951171875,11964.599609375,17446.890625,9118.7197265625,0.0,0.0,0.0,0.0,0.0,0.0,0.0,0.0,0.0,0.0,0.0,0.0,0.0,0.0,8.355299030426977e-08,2.506589567019546e-07,0.00010569452570052817,0.00012207090912852436,0.00012223802332300693,0.0001422907371306792,0.00014312626444734633,0.0002443924895487726,0.00024455960374325514,0.00025057539460249245,0.00028048738022334874,0.0002813229220919311,0.0002970308705698699,0.00031173619208857417,0.00031190330628305674,1529.3800048828125,550.5499877929688,18553.060546875,120297.640625,131400.25,4907.759765625,919.02001953125,57.310001373291016,20005.369140625,5000.0,24961.220703125,1795.77001953125,4835.490234375,1308.6800537109375,120320.46875,127559.0234375,0.0,0.0,0.0,1221266.125,0.0,0.0,0.0,0.0,0.0,0.0,0.0,0.0,0.0,317002.4375,129088.40625,550.5499877929688,18553.060546875,120297.640625,1402119.375,4907.759765625,919.02001953125,57.310001373291016,20005.369140625,5000.0,24961.220703125,1795.77001953125,4835.490234375,1308.6800537109375,443418.875,0.0,0.0,0.0,0.0,49453.03125,0.0,0.0,0.0,0.0,0.0,0.0,0.0,0.0,0.0,6095.9599609375
2021-04-11 22:40:00.115838+00:00,59735.15,2.64,391527.6550570669,541439.9906876945,-2.2097541659604758e-05,-4.6873574319761246e-05,-7.181701221270487e-05,-8.989682100946084e-05,-9.006422624224797e-05,-9.02316314750351e-05,-0.00011417063797125593,-0.0001262238365598023,-0.0001287349296035245,-0.00015752868785057217,-0.00015920275473035872,-0.00025596318300813437,-0.00025613061734475195,-0.0002562980225775391,-0.00027504743775352836,511.19000244140625,4930.7001953125,1606.8399658203125,2477.10009765625,2192.969970703125,10698.1904296875,5972.830078125,17248.16015625,19688.990234375,4455.91015625,19998.8203125,96.48999786376953,86307.1171875,19996.44921875,119.44000244140625,0.0,59685.91015625,0.0,0.0,0.0,0.0,24770.400390625,0.0,19013.8203125,0.0,0.0,0.0,0.0,0.0,7991.72998046875,511.19000244140625,64616.609375,1606.8399658203125,2477.10009765625,2192.969970703125,10698.1904296875,30743.23046875,17248.16015625,38702.80078125,4455.91015625,19998.8203125,96.48999786376953,86307.1171875,19996.44921875,8111.16015625,0.0,0.0,0.0,0.0,0.0,0.0,0.0,0.0,0.0,0.0,0.0,0.0,0.0,0.0,0.0,2.2097541659604758e-05,2.2264948711381294e-05,2.2432353944168426e-05,2.276716440974269e-05,5.4574233217863366e-05,5.490904368343763e-05,5.57460734853521e-05,6.512078834930435e-05,7.566733984276652e-05,9.190568380290642e-05,9.27427172427997e-05,9.291012247558683e-05,0.00011869058653246611,0.00012036464613629505,0.00012404756853356957,334.5199890136719,2527.739990234375,11945.669921875,20003.01953125,6346.240234375,117684.7109375,11946.0595703125,8960.8603515625,19557.76953125,24911.849609375,117689.15625,116628.828125,5000.0,1792.27001953125,83960.4921875,0.0,0.0,334.5199890136719,334.5199890136719,334.5400085449219,0.0,0.0,0.0,334.5400085449219,0.0,0.0,83753.9765625,0.0,0.0,18520.189453125,334.5199890136719,2527.739990234375,12280.1904296875,20337.5390625,6680.77001953125,117684.7109375,11946.0595703125,8960.8603515625,19892.310546875,24911.849609375,117689.15625,201443.15625,5000.0,1792.27001953125,102480.6875,0.0,0.0,0.0,0.0,0.0,0.0,0.0,0.0,0.0,0.0,0.0,1060.3499755859375,0.0,0.0,0.0
2021-04-11 22:45:00.115838+00:00,59802.455,0.01,324830.18432075507,181836.38508210678,-8.360860448419771e-08,-1.596924448676873e-05,-3.436313636484556e-05,-3.453035606071353e-05,-3.469757211860269e-05,-3.503200787235983e-05,-3.519922393024899e-05,-9.456133557250723e-05,-9.47285516303964e-05,-9.489576768828556e-05,-9.90761982393451e-05,-9.941063763108104e-05,-0.0001005811573122628,-0.00015442509902641177,-0.00018151428957935423,241118.15625,11958.669921875,106818.1015625,31257.720703125,90286.9609375,107901.078125,5000.0,4832.580078125,16819.55078125,9481.91015625,65776.1796875,19998.69921875,38556.6015625,19998.609375,30493.720703125,276409.9375,0.0,0.0,0.0,0.0,0.0,0.0,31255.849609375,0.0,0.0,0.0,0.0,5549.02978515625,0.0,0.0,521728.09375,11958.669921875,106818.1015625,31257.720703125,90286.9609375,107901.078125,5000.0,36088.4296875,16819.55078125,9481.91015625,65776.1796875,19998.69921875,44105.62890625,19998.609375,30493.720703125,4200.009765625,0.0,0.0,0.0,0.0,0.0,0.0,0.0,0.0,0.0,0.0,0.0,0.0,0.0,0.0,8.360860448419771e-08,6.730492896167561e-05,0.00013970998406875879,0.00023569267068523914,0.00024054196546785533,0.0002407091815257445,0.00024823396233841777,0.00026729670935310423,0.0002908743335865438,0.0003305048157926649,0.0003403706359677017,0.0003592661814764142,0.0003651187871582806,0.0003744829446077347,0.0003759879036806524,6184.0498046875,193.8000030517578,520.9500122070312,11186.73046875,11961.73046875,20005.5,358.8999938964844,281.79998779296875,636.5800170898438,20009.640625,4776.93017578125,139.8699951171875,5000.0,3642.590087890625,386.0299987792969,0.0,0.0,0.0,0.0,0.0,0.0,0.0,0.0,143566.015625,0.0,0.0,0.0,0.0,2991.239990234375,0.0,6334.47998046875,193.8000030517578,520.9500122070312,11186.73046875,11961.73046875,20005.5,358.8999938964844,281.79998779296875,144869.484375,20009.640625,4776.93017578125,139.8699951171875,5000.0,6633.83984375,386.0299987792969,150.44000244140625,0.0,0.0,0.0,0.0,0.0,0.0,0.0,666.8900146484375,0.0,0.0,0.0,0.0,0.0,0.0
2021-04-11 22:50:00.115838+00:00,59959.244999999995,0.01,3221242.2699153977,1155247.8258342105,-8.338997758983169e-08,-6.754587957402691e-06,-1.3759346074948553e-05,-2.1431224013213068e-05,-2.159800351364538e-05,-2.710174157982692e-05,-4.044413799419999e-05,-4.7115336201386526e-05,-5.6455013691447675e-05,-5.67885726923123e-05,-7.380012539215386e-05,-0.00015335416537709534,-0.0001541880628792569,-0.00019471559789963067,-0.00019488237740006298,339184.03125,1159.9300537109375,917.3599853515625,35816.2890625,20005.029296875,917.3499755859375,917.3400268554688,5000.0,218273.125,92745.0625,20002.970703125,17258.609375,348.3699951171875,89878.25,111339.6015625,613504.875,0.0,0.0,0.0,0.0,0.0,0.0,0.0,208584.75,0.0,0.0,0.0,0.0,0.0,930127.75,952937.5625,1159.9300537109375,917.3599853515625,35816.2890625,20005.029296875,917.3499755859375,917.3400268554688,5000.0,426857.875,92745.0625,20002.970703125,17258.609375,348.3699951171875,89878.25,1044028.0625,248.64999389648438,0.0,0.0,0.0,0.0,0.0,0.0,0.0,0.0,0.0,0.0,0.0,0.0,0.0,2560.77001953125,8.338997758983169e-08,9.923407560563646e-06,0.00021072647359687835,0.0002754370798356831,0.000308793067233637,0.0003444839967414737,0.00035899385693483055,0.00036032809293828905,0.00037433760007843375,0.0003745043941307813,0.0003773396310862154,0.00040052205440588295,0.00040135596645995975,0.0004475539899431169,0.00044822110794484615,10654.330078125,7049.259765625,1251.7900390625,20862.1796875,3664.89990234375,2399.199951171875,5000.0,984.8099975585938,20012.94921875,2398.93994140625,29990.939453125,4918.6298828125,900.8800048828125,24954.2109375,5998.60986328125,0.0,147321.15625,228952.671875,103099.0390625,0.0,0.0,0.0,2398.909912109375,0.0,0.0,2398.949951171875,0.0,0.0,0.0,0.0,11331.099609375,154370.40625,230710.453125,136539.703125,3664.89990234375,2399.199951171875,5000.0,3383.7099609375,20012.94921875,2398.93994140625,32389.880859375,4918.6298828125,900.8800048828125,24954.2109375,5998.60986328125,676.760009765625,0.0,505.9800109863281,12578.490234375,0.0,0.0,0.0,0.0,0.0,0.0,0.0,0.0,0.0,0.0,0.0
2021-04-11 22:55:00.115838+00:00,60013.825,0.01,1213090.8788668092,423252.73243813694,-8.331413425821665e-08,-3.7907931982772425e-05,-3.8907703128643334e-05,-9.206212416756898e-05,-9.22287508728914e-05,-0.00013138639042153955,-0.0001432169956387952,-0.00015504760085605085,-0.00015854679804760963,-0.00017037740326486528,-0.0001705440372461453,-0.00019387199427001178,-0.00020053712069056928,-0.0002082020218949765,-0.00023036358470562845,1191.0899658203125,168.32000732421875,3000.570068359375,6000.830078125,24383.08984375,6000.58984375,2267.929931640625,5000.0,16528.609375,11999.080078125,9000.5400390625,3600.1298828125,57557.69140625,89170.546875,1838.8499755859375,0.0,0.0,6001.14990234375,0.0,15000.0,0.0,0.0,0.0,0.0,0.0,0.0,0.0,0.0,0.0,1000.0,1191.0899658203125,168.32000732421875,9001.7197265625,6000.830078125,39383.08984375,6000.58984375,2267.929931640625,5000.0,16528.609375,11999.080078125,9000.5400390625,3600.1298828125,57557.69140625,89170.546875,2838.85009765625,0.0,0.0,0.0,0.0,0.0,0.0,0.0,0.0,0.0,0.0,0.0,0.0,0.0,0.0,0.0,8.331413425821665e-08,2.499424169855047e-07,1.2747063010465354e-05,1.2913691534777172e-05,1.6246256564045325e-05,2.974314702441916e-05,4.307340714149177e-05,5.540389975067228e-05,6.456845585489646e-05,6.556822336278856e-05,6.573485006811097e-05,0.00011089111649198458,0.00012838708062190562,0.00016921100905165076,0.00017004414985422045,2429.360107421875,894.2100219726562,1880.8399658203125,20004.650390625,918.22998046875,918.239990234375,918.25,2170.719970703125,66019.46875,108632.1484375,108632.15625,24968.51953125,6785.31982421875,4921.97021484375,20006.630859375,0.0,0.0,0.0,0.0,0.0,0.0,0.0,0.0,0.0,0.0,602001.3125,0.0,197917.421875,0.0,0.0,2429.360107421875,894.2100219726562,1880.8399658203125,20004.650390625,918.22998046875,918.239990234375,918.25,2170.719970703125,66019.46875,108632.1484375,711024.125,24968.51953125,204702.734375,4921.97021484375,20006.630859375,0.0,0.0,0.0,0.0,0.0,0.0,0.0,0.0,0.0,0.0,390.6400146484375,0.0,0.0,0.0,0.0
2021-04-11 23:00:00.115838+00:00,60067.065,0.01,524238.3936153283,567158.6352761525,-8.324029465711646e-08,-2.7219575713388622e-05,-5.0027414545184e-05,-5.95168094150722e-05,-8.049335883697495e-05,-8.13257647678256e-05,-8.96497949725017e-05,-0.00010380064486525953,-0.00010463304352015257,-0.0001064643292920664,-0.00010679729166440666,-0.00011062634439440444,-0.00011512132186908275,-0.00013310123176779598,-0.00018654149607755244,7718.6201171875,919.0,918.97998046875,66069.84375,24985.890625,5000.0,12010.7001953125,119243.96875,20000.080078125,123743.40625,98994.703125,1201.2099609375,3603.610107421875,9008.8603515625,12009.5302734375,431781.5,0.0,0.0,122170.6015625,0.0,0.0,0.0,0.0,0.0,0.0,0.0,3603.6298828125,0.0,0.0,0.0,439933.5,919.0,918.97998046875,188240.4375,24985.890625,5000.0,12010.7001953125,119243.96875,20000.080078125,123743.40625,98994.703125,4804.830078125,3603.610107421875,9008.8603515625,12009.5302734375,433.3999938964844,0.0,0.0,0.0,0.0,0.0,0.0,0.0,0.0,0.0,0.0,0.0,0.0,0.0,0.0,8.324029465711646e-08,2.497208697604947e-07,4.55324407084845e-05,4.6864282921887934e-05,8.1825208326336e-05,8.215817069867626e-05,8.29905693535693e-05,9.6974938060157e-05,9.847326145973057e-05,0.00010396712605142966,0.00011578724661376327,0.0001321023446507752,0.00013293474330566823,0.0001372632395941764,0.0001529124128865078,2392.679931640625,68481.7578125,300.3500061035156,615.3699951171875,4343.2001953125,5965.8701171875,1802.1600341796875,300.3599853515625,60.08000183105469,162.1999969482422,724.0700073242188,14156.91015625,54.290000915527344,642.8099975585938,576.52001953125,1974.9100341796875,404656.71875,0.0,634.5800170898438,0.0,563754.1875,0.0,919.1199951171875,100150.578125,2402.929931640625,48659.9609375,0.0,0.0,29857.4296875,6608.39013671875,4726.4501953125,474868.78125,300.3500061035156,1249.949951171875,4343.2001953125,591894.125,1802.1600341796875,1219.47998046875,100210.6484375,2565.1298828125,49384.03125,14156.91015625,54.290000915527344,30500.23046875,7184.91015625,358.8599853515625,1730.300048828125,0.0,0.0,0.0,22174.0703125,0.0,0.0,0.0,0.0,0.0,0.0,0.0,0.0,0.0
2021-04-11 23:05:00.115838+00:00,59998.805,0.01,489038.1924322773,438869.9378967072,-8.333499579293857e-08,-0.00011341892241034657,-0.00013141927774995565,-0.00016258656978607178,-0.00023875475744716823,-0.00023925476125441492,-0.00023942143889144063,-0.0002440881944494322,-0.00025608844589442015,-0.00026458859792910516,-0.00026842200895771384,-0.00030125599005259573,-0.00030142266768962145,-0.00032192308572120965,-0.0003227564156986773,1709.47998046875,18597.51953125,17788.259765625,5000.0,2999.219970703125,11995.25,8997.669921875,917.760009765625,90149.109375,917.739990234375,8852.75,55429.21875,30590.169921875,24951.470703125,8996.919921875,0.0,0.0,0.0,0.0,0.0,0.0,0.0,0.0,0.0,0.0,111607.8828125,0.0,0.0,0.0,0.0,1799.9599609375,18597.51953125,17788.259765625,5000.0,2999.219970703125,11995.25,8997.669921875,917.760009765625,90149.109375,917.739990234375,123463.96875,55429.21875,30590.169921875,24951.470703125,8996.919921875,90.48999786376953,0.0,0.0,0.0,0.0,0.0,0.0,0.0,0.0,0.0,3003.330078125,0.0,0.0,0.0,0.0,8.333499579293857e-08,3.225064210710116e-05,6.025120092090219e-05,6.041787128197029e-05,7.858489698264748e-05,7.875156734371558e-05,8.308498945552856e-05,0.00014758626639377326,0.00015525308845099062,0.00019575389160308987,0.00019592056924011558,0.00023775473528075963,0.0002430881722830236,0.0002709220570977777,0.0002934225194621831,175454.765625,188416.40625,98950.5234375,706.739990234375,125180.65625,1165.1400146484375,103.11000061035156,453.9599914550781,5232.7099609375,6001.06005859375,20009.560546875,5000.0,4343.0400390625,918.22998046875,918.25,1127.3800048828125,3858.2900390625,0.0,0.0,0.0,0.0,383490.09375,0.0,0.0,0.0,0.0,0.0,0.0,0.0,0.0,176582.140625,192274.6875,98950.5234375,706.739990234375,125180.65625,1165.1400146484375,383969.1875,453.9599914550781,5232.7099609375,6001.06005859375,20009.560546875,5000.0,4343.0400390625,918.22998046875,918.25,0.0,0.0,0.0,0.0,0.0,0.0,376.010009765625,0.0,0.0,0.0,0.0,0.0,0.0,0.0,0.0
2021-04-11 23:10:00.115838+00:00,59928.005000000005,0.01,460922.13333273435,349535.1392866905,-8.343344859440549e-08,-5.6317578128073364e-05,-7.584100239910185e-05,-7.750967051833868e-05,-0.00010571017628535628,-0.00013357694842852652,-0.00015293351316358894,-0.00015927445201668888,-0.00017729606770444661,-0.00018864302546717227,-0.00018897675909101963,-0.00019615203200373799,-0.00019765383331105113,-0.00020132490317337215,-0.00022652180632576346,813.75,87627.7890625,8988.51953125,56.70000076293945,1737.260009765625,221.10000610351562,1797.5699462890625,8987.76953125,20000.26953125,5991.669921875,2995.830078125,27818.23046875,3416.669921875,5000.0,10630.580078125,29879.44921875,0.0,18576.26953125,0.0,0.0,0.0,0.0,0.0,0.0,0.0,0.0,82979.828125,0.0,0.0,0.0,30693.19921875,87627.7890625,27564.7890625,56.70000076293945,1737.260009765625,221.10000610351562,1797.5699462890625,8987.76953125,20000.26953125,5991.669921875,2995.830078125,110798.0625,3416.669921875,5000.0,10630.580078125,0.0,0.0,0.0,0.0,0.0,0.0,0.0,0.0,0.0,0.0,0.0,0.0,0.0,0.0,0.0,8.343344859440549e-08,4.497062764130533e-05,5.231277100392617e-05,5.2479637815849856e-05,6.582898640772328e-05,7.584100239910185e-05,7.917833863757551e-05,9.252769086742774e-05,9.269455767935142e-05,9.986983786802739e-05,0.00010020357149187475,0.00010721197759266943,0.00014358895714394748,0.0001444232912035659,0.00015760578389745206,97141.2265625,5184.66015625,2397.25,916.9500122070312,916.9600219726562,20005.330078125,916.969970703125,11985.0703125,119996.3125,113859.0078125,122917.796875,105287.40625,4914.7998046875,11985.6904296875,3705.949951171875,268394.1875,0.0,0.0,0.0,0.0,0.0,0.0,0.0,0.0,99730.15625,0.0,225099.375,0.0,0.0,0.0,421348.84375,5184.66015625,2397.25,916.9500122070312,916.9600219726562,20005.330078125,916.969970703125,11985.0703125,119996.3125,213589.171875,123081.546875,331994.625,4914.7998046875,11985.6904296875,3705.949951171875,55813.4296875,0.0,0.0,0.0,0.0,0.0,0.0,0.0,0.0,0.0,163.75,1607.8599853515625,0.0,0.0,0.0
2021-04-11 23:15:00.115838+00:00,59899.994999999995,0.01,284200.31498636346,465617.5826914778,-8.347246449602608e-08,-6.001670044497587e-05,-0.0001146076901932247,-0.00012395660451147705,-0.0001309682847931981,-0.00016585977573413402,-0.00016602672985754907,-0.0002301335771335289,-0.00023096830409485847,-0.00024098499852698296,-0.0002446577709633857,-0.0002598497667349875,-0.0003122704802080989,-0.00032195329549722373,-0.00034115195740014315,1797.0,2934.919921875,18566.869140625,273.2699890136719,19999.4296875,11976.3798828125,3551.340087890625,24912.66015625,19997.4296875,16728.7109375,5000.0,53395.19921875,19997.7890625,3304.31005859375,30538.580078125,210368.515625,0.0,0.0,0.0,0.0,0.0,1118135.0,0.0,0.0,0.0,0.0,0.0,24910.619140625,0.0,0.0,212165.515625,2934.919921875,18566.869140625,273.2699890136719,19999.4296875,11976.3798828125,1125696.375,24912.66015625,19997.4296875,16728.7109375,5000.0,53395.19921875,44908.41015625,3304.31005859375,30538.580078125,0.0,0.0,0.0,0.0,0.0,0.0,4010.070068359375,0.0,0.0,0.0,0.0,0.0,0.0,0.0,0.0,8.347246449602608e-08,3.414023740333505e-05,0.0001017529284581542,0.0001179465907625854,0.00013480802590493113,0.0001399833126924932,0.00014081803965382278,0.0001481636136304587,0.0001523372484371066,0.00015250418800860643,0.0001681970024947077,0.00016853089618962258,0.00017954925715457648,0.0001862270582932979,0.00018639401241671294,16177.1396484375,857.2999877929688,18570.890625,219.39999389648438,916.5900268554688,442.4800109863281,11980.0498046875,916.6099853515625,5990.91015625,219.32000732421875,2756.8701171875,916.6199951171875,5000.0,1350.5899658203125,754.77001953125,503088.4375,916.5,0.0,0.0,0.0,0.0,0.0,0.0,0.0,0.0,0.0,0.0,0.0,0.0,0.0,519478.71875,1773.81005859375,18570.890625,219.39999389648438,916.5900268554688,442.4800109863281,11980.0498046875,916.6099853515625,5990.91015625,219.32000732421875,2756.8701171875,916.6199951171875,5000.0,1350.5899658203125,754.77001953125,213.13999938964844,0.0,0.0,0.0,0.0,0.0,0.0,0.0,0.0,0.0,0.0,0.0,0.0,0.0,0.0
2021-04-11 23:20:00.115838+00:00,59924.205,0.01,264595.0859621959,255258.037602047,-8.343873503235955e-08,-8.41896835481748e-05,-9.069790394278243e-05,-0.0001122251051128842,-0.00019399505981709808,-0.000194161941180937,-0.000209681544220075,-0.00022937309404369444,-0.00023020747175905854,-0.00023588130716234446,-0.00026992431958206,-0.00029312027618288994,-0.0003325033758301288,-0.0003388447221368551,-0.00033901160350069404,2000.469970703125,281.0199890136719,1670.2900390625,22414.58984375,4076.6201171875,3279.0,8986.75,4972.56982421875,1797.31005859375,2370.949951171875,3594.47998046875,8986.0,5000.0,6199.7099609375,17700.7890625,41714.1484375,511068.78125,0.0,20107.109375,0.0,0.0,0.0,0.0,0.0,0.0,0.0,0.0,0.0,0.0,0.0,44440.1484375,511394.71875,1670.2900390625,42521.69140625,4076.6201171875,3279.0,8986.75,4972.56982421875,1797.31005859375,2370.949951171875,3594.47998046875,8986.0,5000.0,6199.7099609375,17700.7890625,725.530029296875,44.90999984741211,0.0,0.0,0.0,0.0,0.0,0.0,0.0,0.0,0.0,0.0,0.0,0.0,0.0,8.343873503235955e-08,1.343363692285493e-05,1.3600513739220332e-05,2.6950712708639912e-05,3.796462624450214e-05,3.996715531684458e-05,4.030091076856479e-05,4.0634666220285e-05,4.0968421672005206e-05,4.8144152970053256e-05,4.914541568723507e-05,5.99924533162266e-05,0.00011239197920076549,0.0001132263641920872,0.00011339324555592611,200257.375,20004.740234375,916.8499755859375,916.8699951171875,100.52999877929688,112037.6015625,127257.203125,103694.453125,4699.0498046875,11983.7802734375,2397.090087890625,446.5899963378906,4914.33984375,17348.759765625,20006.740234375,678215.9375,0.0,0.0,0.0,521.4500122070312,74848.3203125,0.0,0.0,0.0,0.0,0.0,14888.08984375,0.0,0.0,0.0,882615.0,20004.740234375,916.8499755859375,916.8699951171875,621.969970703125,186885.9375,127257.203125,103694.453125,4699.0498046875,11983.7802734375,2397.090087890625,15334.6796875,4914.33984375,17348.759765625,20006.740234375,4141.68994140625,0.0,0.0,0.0,0.0,0.0,0.0,0.0,0.0,0.0,0.0,0.0,0.0,0.0,0.0
2021-04-11 23:25:00.115838+00:00,59932.884999999995,0.01,674390.2136797457,437703.42727561074,-8.342665580585162e-08,-0.00011638017895165831,-0.00011654703121166676,-0.0001497508492320776,-0.00016777099517639726,-0.00016793784743640572,-0.00017094121722038835,-0.0001799512974685058,-0.0001912973093567416,-0.00020497928198892623,-0.00021832755010109395,-0.00023200952273327857,-0.00023217637499328703,-0.0002326769317733124,-0.00025420100428164005,502.1600036621094,5992.58984375,19917.7109375,5934.18017578125,17001.669921875,46802.5390625,11982.8896484375,5000.0,916.7999877929688,916.7899780273438,916.77001953125,11982.16015625,31352.5,90243.921875,24925.740234375,5046.83984375,0.0,0.0,1268.4200439453125,0.0,19492.890625,0.0,0.0,0.0,0.0,0.0,0.0,17212.94921875,0.0,0.0,5548.990234375,5992.58984375,19999.7890625,7202.60986328125,17001.669921875,66295.4296875,11982.8896484375,5000.0,916.7999877929688,916.7899780273438,916.77001953125,11982.16015625,48565.4609375,90243.921875,24925.740234375,0.0,0.0,82.08000183105469,0.0,0.0,0.0,0.0,0.0,0.0,0.0,0.0,0.0,0.0,0.0,0.0,8.342665580585162e-08,1.2096864338673186e-05,1.326483743468998e-05,9.35212810873054e-05,9.435554238734767e-05,0.00011137458204757422,0.00011320997145958245,0.00012839361443184316,0.0001684384187683463,0.00016860527102835476,0.00017895016935653985,0.00019613605400081724,0.00019697032985277474,0.0002590397489257157,0.0002785616088658571,461.260009765625,18579.419921875,2397.35009765625,24994.349609375,107611.78125,113264.3828125,20004.990234375,129123.59375,11986.9599609375,11215.3701171875,2420.52001953125,4975.41015625,20004.9609375,5000.0,1798.489990234375,40953.80078125,0.0,0.0,0.0,65932.390625,0.0,0.0,0.0,0.0,0.0,1338988.5,0.0,0.0,0.0,0.0,42316.6015625,18579.419921875,2397.35009765625,24994.349609375,173544.171875,113264.3828125,20004.990234375,129123.59375,11986.9599609375,11215.3701171875,1342452.875,4975.41015625,20004.9609375,5000.0,1798.489990234375,901.530029296875,0.0,0.0,0.0,0.0,0.0,0.0,0.0,0.0,0.0,1043.9100341796875,0.0,0.0,0.0,0.0
2021-04-11 23:30:00.115838+00:00,59890.854999999996,0.01,433705.3351997455,297243.89090781746,-8.34851974218509e-08,-1.377505759592168e-05,-2.3292370315175503e-05,-2.713268986553885e-05,-3.063906842726283e-05,-4.049032213515602e-05,-6.336526712402701e-05,-6.420011777663603e-05,-7.037802424747497e-05,-7.071196159813553e-05,-0.0001298194838454947,-0.00012998645252082497,-0.0001602081028977409,-0.00019243339193053544,-0.0002178128925152123,145564.53125,916.3200073242188,20002.400390625,916.3099975585938,1796.6700439453125,916.2899780273438,4970.6298828125,5000.0,16880.2109375,94620.859375,11974.98046875,588.8900146484375,30391.0390625,6282.169921875,28245.9609375,243414.65625,0.0,0.0,0.0,0.0,0.0,0.0,0.0,0.0,5056.7900390625,0.0,0.0,202871.515625,550921.5,0.0,390128.96875,916.3200073242188,20002.400390625,916.3099975585938,1796.6700439453125,916.2899780273438,4970.6298828125,5000.0,16880.2109375,99677.6484375,11974.98046875,588.8900146484375,233262.546875,557274.0625,28245.9609375,1149.81005859375,0.0,0.0,0.0,0.0,0.0,0.0,0.0,0.0,0.0,0.0,0.0,0.0,70.37000274658203,0.0,8.34851974218509e-08,2.195660817960743e-05,3.982244015787728e-05,9.275205957237631e-05,0.00012915160914417356,0.00013065434177406132,0.00014952199126128107,0.00015269442519638687,0.00022248805908020586,0.00022265502775553614,0.00022866595827508718,0.0002295008162036538,0.0002361796359764412,0.0002555481914896518,0.0002899440878536552,1699.489990234375,610.489990234375,754.719970703125,193.92999267578125,251.42999267578125,19.979999542236328,612.8900146484375,1497.5,11979.2001953125,766.1699829101562,4912.169921875,20007.44921875,11979.3603515625,541.2899780273438,4912.47021484375,0.0,0.0,0.0,0.0,0.0,0.0,0.0,0.0,0.0,0.0,0.0,0.0,0.0,0.0,0.0,2856.7900390625,610.489990234375,754.719970703125,193.92999267578125,251.42999267578125,19.979999542236328,612.8900146484375,1497.5,11979.2001953125,766.1699829101562,4912.169921875,20007.44921875,11979.3603515625,541.2899780273438,4912.47021484375,1157.31005859375,0.0,0.0,0.0,0.0,0.0,0.0,0.0,0.0,0.0,0.0,0.0,0.0,0.0,0.0
2021-04-11 23:35:00.115838+00:00,59830.155,0.01,536862.8757096706,766974.6187065556,-8.356990122138086e-08,-2.2563872335013002e-06,-2.4235271212091902e-06,-3.434722748352215e-05,-0.0001037102410919033,-0.0001082230155589059,-0.00010972727613989264,-0.00011591144721023738,-0.00011691428517224267,-0.00014566232857760042,-0.00014699944586027414,-0.0001566935534356162,-0.0001590335159562528,-0.00022806225751992315,-0.0002309036353835836,130499.1796875,54613.46875,20002.94921875,20001.310546875,4303.77001953125,4905.5400390625,3589.419921875,211.52000427246094,97487.3671875,27894.740234375,30508.890625,111878.2890625,5000.0,121002.5703125,21461.44921875,137061.4375,2823.219970703125,0.0,0.0,0.0,0.0,0.0,0.0,194710.328125,0.0,0.0,0.0,0.0,0.0,95790.140625,267560.625,57436.69921875,20002.94921875,20001.310546875,4303.77001953125,4905.5400390625,3589.419921875,211.52000427246094,292197.6875,27894.740234375,30508.890625,111878.2890625,5000.0,121002.5703125,117754.1015625,0.0,0.0,0.0,0.0,0.0,0.0,0.0,0.0,0.0,0.0,0.0,0.0,0.0,0.0,502.510009765625,8.356990122138086e-08,5.6075401516864076e-05,8.499058458255604e-05,0.00014031385944690555,0.0001657191023696214,0.00017173614469356835,0.00018209881091024727,0.00019764281751122326,0.0003046122728846967,0.00033152179094031453,0.00033168893423862755,0.0003642811789177358,0.00036845967406407,0.0003878478892147541,0.0004389926907606423,68.13999938964844,308.04998779296875,139.88999938964844,16063.400390625,308.0899963378906,103.55999755859375,206.75,404.1700134277344,5000.0,11968.3603515625,5985.0,915.72998046875,193.66000366210938,915.760009765625,11969.650390625,0.0,0.0,0.0,0.0,0.0,0.0,0.0,0.0,0.0,0.0,0.0,0.0,0.0,0.0,0.0,78.27999877929688,308.04998779296875,139.88999938964844,16063.400390625,308.0899963378906,103.55999755859375,206.75,404.1700134277344,5000.0,11968.3603515625,5985.0,915.72998046875,193.66000366210938,915.760009765625,11969.650390625,10.130000114440918,0.0,0.0,0.0,0.0,0.0,0.0,0.0,0.0,0.0,0.0,0.0,0.0,0.0,0.0
2021-04-11 23:40:00.115838+00:00,59952.274999999994,0.01,418324.34917550714,327354.8536446024,-8.339966939274746e-08,-2.2601310774916783e-05,-3.711285171448253e-05,-3.794685108005069e-05,-4.511922088568099e-05,-0.00013052047870587558,-0.00013769285578746349,-0.00017171991930808872,-0.0001718867279123515,-0.0001728875213302672,-0.00019807422359008342,-0.00019824101764243096,-0.0002012434124480933,-0.00020658098219428211,-0.00020924977434333414,1533.5799560546875,3887.22998046875,1088.81005859375,11174.1103515625,3291.050048828125,119.88999938964844,2754.1298828125,16584.939453125,24935.859375,4975.18017578125,11986.4404296875,147094.625,28972.169921875,1798.199951171875,917.0800170898438,0.0,0.0,78012.15625,0.0,0.0,0.0,0.0,0.0,0.0,0.0,0.0,10235.08984375,0.0,0.0,0.0,1533.5799560546875,3887.22998046875,79357.71875,11174.1103515625,3291.050048828125,119.88999938964844,2754.1298828125,16584.939453125,24935.859375,4975.18017578125,11986.4404296875,158608.6875,28972.169921875,1798.199951171875,917.0800170898438,0.0,0.0,256.739990234375,0.0,0.0,0.0,0.0,0.0,0.0,0.0,0.0,1278.9599609375,0.0,0.0,0.0,8.339966939274746e-08,3.419386530367774e-06,6.263315299293026e-05,9.56594230956398e-05,0.00012601690832525492,0.00015070319932419807,0.00015087000792846084,0.0001537055941298604,0.00016421395412180573,0.00018906705372501165,0.00019924181106034666,0.00019974220776930451,0.00020007581042591482,0.00020541339472401887,0.0002346032706554979,15010.3095703125,2398.10009765625,194.0,2997.89990234375,5000.0,11990.6201171875,917.4099731445312,1043.3299560546875,917.4199829101562,917.4400024414062,5996.419921875,16672.689453125,194.0,20011.029296875,1043.5699462890625,979035.5625,0.0,0.0,0.0,0.0,0.0,0.0,0.0,0.0,0.0,0.0,0.0,0.0,0.0,0.0,999550.5625,2398.10009765625,194.0,2997.89990234375,5000.0,11990.6201171875,917.4099731445312,1043.3299560546875,917.4199829101562,917.4400024414062,5996.419921875,16672.689453125,194.0,20011.029296875,1043.5699462890625,5504.68017578125,0.0,0.0,0.0,0.0,0.0,0.0,0.0,0.0,0.0,0.0,0.0,0.0,0.0,0.0
2021-04-11 23:45:00.115838+00:00,59932.655,0.01,854897.8066235859,612569.5293815794,-8.342697555008272e-08,-2.7614327336777933e-05,-8.501208503730595e-05,-9.969522943720222e-05,-0.00012755984789691865,-0.0001277267001569271,-0.00017778287292458117,-0.0001914649037644267,-0.00019780534785240889,-0.0002099856938002631,-0.0002233340055681765,-0.0003060935705434531,-0.00030626042280346155,-0.00030742838862352073,-0.0003075952408835292,17882.349609375,715.5800170898438,331.44000244140625,1265.1500244140625,1358.02001953125,59925.0,178.92999267578125,916.7899780273438,5758.39013671875,916.780029296875,916.760009765625,5991.43017578125,11981.2197265625,54787.48828125,16731.5703125,55817.0390625,29845.640625,33266.62109375,0.0,0.0,0.0,916.8099975585938,0.0,1631505.875,0.0,0.0,0.0,0.0,0.0,0.0,79250.5625,30561.2109375,33598.05859375,1265.1500244140625,1358.02001953125,59925.0,1095.739990234375,916.7899780273438,1638328.25,916.780029296875,916.760009765625,5991.43017578125,11981.2197265625,54787.48828125,16731.5703125,5551.169921875,0.0,0.0,0.0,0.0,0.0,0.0,0.0,1064.050048828125,0.0,0.0,0.0,0.0,0.0,0.0,8.342697555008272e-08,2.502809195448208e-07,5.756461177952588e-06,7.81710768933408e-05,0.0002395188348600641,0.00023968568712007254,0.0002697193995118141,0.0002895750221796334,0.00029624917078763247,0.0002965828753076494,0.0002967497566714883,0.0003067609795834869,0.0003070946841035038,0.0003107654629275203,0.0003524789644870907,253444.59375,20007.080078125,5000.0,20005.619140625,4948.77978515625,17069.279296875,30018.5703125,973.6799926757812,98440.6171875,92934.6484375,92923.1796875,299.760009765625,2398.0400390625,23980.509765625,2937.739990234375,1114246.125,18579.130859375,0.0,0.0,0.0,6658.3798828125,0.0,0.0,0.0,39069.609375,513115.9375,0.0,0.0,0.0,0.0,1382344.25,38586.2109375,5000.0,20005.619140625,4948.77978515625,23727.66015625,30018.5703125,973.6799926757812,98440.6171875,132004.265625,619134.5625,299.760009765625,2398.0400390625,23980.509765625,2937.739990234375,14653.580078125,0.0,0.0,0.0,0.0,0.0,0.0,0.0,0.0,0.0,13095.419921875,0.0,0.0,0.0,0.0
2021-04-11 23:50:00.115838+00:00,59960.024999999994,0.01,564433.5205165525,789848.0009871033,-8.338889045944597e-08,-7.254833690240048e-06,-1.3759166904492304e-05,-2.7268168196314946e-05,-4.0610389987705275e-05,-5.9623056586133316e-05,-8.31387224025093e-05,-8.330550190294161e-05,-8.86423877091147e-05,-0.00010365238995291293,-0.00010448628017911687,-0.00010465305967954919,-0.00012249828432686627,-0.00013083717203699052,-0.00013584049884229898,203032.765625,2997.97998046875,917.3800048828125,917.3599853515625,917.3499755859375,5000.0,12777.7900390625,92930.296875,101235.4921875,24940.779296875,17074.3203125,92928.3125,98444.3515625,117726.28125,102502.5390625,648386.6875,0.0,37174.69921875,0.0,0.0,0.0,0.0,101565.5390625,139199.515625,0.0,0.0,282509.875,0.0,31362.359375,0.0,854210.8125,2997.97998046875,38092.078125,917.3599853515625,917.3499755859375,5000.0,12777.7900390625,194495.84375,240985.296875,24940.779296875,17074.3203125,375438.15625,98444.3515625,149088.640625,102502.5390625,2791.360107421875,0.0,0.0,0.0,0.0,0.0,0.0,0.0,550.2899780273438,0.0,0.0,0.0,0.0,0.0,0.0,8.338889045944597e-08,4.311205702833831e-05,0.00010998994548572227,0.00011682783951982856,0.00015518673171754926,0.0001560206146677956,0.00021155762078706175,0.00021172440028749406,0.0002143928431905806,0.00022990317665971816,0.00023757494636811316,0.00024307861167471856,0.0002535856037866324,0.0002837723877746612,0.00031012328690849245,168.3300018310547,194.0,20009.150390625,1063.4200439453125,4917.490234375,4797.5498046875,11992.900390625,20013.099609375,2998.639892578125,765.3200073242188,321.75,308.3399963378906,304.7799987792969,16657.830078125,20013.16015625,314.0799865722656,0.0,0.0,0.0,0.0,0.0,0.0,0.0,0.0,0.0,0.0,2998.72998046875,0.0,0.0,0.0,1664.989990234375,194.0,20009.150390625,1063.4200439453125,4917.490234375,4797.5498046875,11992.900390625,20013.099609375,2998.639892578125,765.3200073242188,321.75,3307.070068359375,304.7799987792969,16657.830078125,20013.16015625,1182.5699462890625,0.0,0.0,0.0,0.0,0.0,0.0,0.0,0.0,0.0,0.0,0.0,0.0,0.0,0.0
2021-04-11 23:55:00.115838+00:00,60009.615000000005,0.01,722679.1145594773,556226.3468898011,-8.331998202493196e-08,-1.9913475625799038e-05,-3.424451278988272e-05,-3.54109906766098e-05,-3.624419332481921e-05,-5.807402703794651e-05,-5.824066829518415e-05,-9.473481622990221e-05,-9.490145748713985e-05,-0.00015489185170736164,-0.00015505848568864167,-0.00016089087876025587,-0.00016322384180966765,-0.00016572343884035945,-0.0001972183963516727,208478.0625,24963.5,30603.859375,4920.60986328125,826.8499755859375,90009.1875,141614.4375,93006.09375,97196.3671875,6766.10986328125,82259.2890625,28259.98046875,114036.90625,96086.421875,96020.453125,0.0,0.0,0.0,0.0,3600.449951171875,0.0,19369.380859375,17161.119140625,1128633.5,0.0,0.0,0.0,0.0,0.0,395252.78125,209015.34375,24963.5,30603.859375,4920.60986328125,4427.2900390625,90009.1875,160983.8125,110167.21875,1268730.75,6766.10986328125,82259.2890625,28259.98046875,114036.90625,96086.421875,491273.21875,537.280029296875,0.0,0.0,0.0,0.0,0.0,0.0,0.0,42900.8984375,0.0,0.0,0.0,0.0,0.0,0.0,8.331998202493196e-08,2.6245794288115576e-05,3.9743630622979254e-05,8.923569839680567e-05,8.940233965404332e-05,0.00010523313540033996,0.00010723281593527645,0.00011023233673768118,0.00011306521628284827,0.00011589809582801536,0.00013472841237671673,0.00014839289360679686,0.0001728889619698748,0.00017305559595115483,0.0002078833495033905,409.5199890136719,6.210000038146973,60012.0,18.0,3.3299999237060547,194.0800018310547,168.3800048828125,318.0899963378906,1118.47998046875,168.0500030517578,1025.280029296875,584.4099731445312,12002.3603515625,240.0800018310547,20010.359375,0.0,0.0,5000.0,2000.0,402060.96875,0.0,137432.390625,86177.296875,147876.953125,29726.2109375,250.30999755859375,0.0,0.0,0.0,0.0,605.5700073242188,6.210000038146973,65012.0,2018.0,402469.65625,194.0800018310547,137600.765625,86495.390625,148995.4375,29894.25,1275.5899658203125,584.4099731445312,12002.3603515625,240.0800018310547,20010.359375,196.0500030517578,0.0,0.0,0.0,405.3699951171875,0.0,0.0,0.0,0.0,0.0,0.0,0.0,0.0,0.0,0.0
